id,title,plant_category,scientific_name,common_name,family,ct_modality,scanner,scan_location,voxel_size,voxel_size_unit,image_size,source_image_count,source_mask_count,file_format,num_classes,classes,contributors,contributor_affiliation,contact,doi,publication_url,citation,notes,ads_item_title,ads_repository_url,ads_download_url,ads_status
almond_control,Prunus dulcis control leaf CT dataset (almond_control),Almond,Prunus dulcis,Almond,Rosaceae,X-ray micro-CT,"X-ray μCT beamline (8.3.2) at the Advanced Light Source, Lawrence Berkeley National Laboratory","Berkeley, CA, United States",,um,2088 x 492,30,30,TIF,8,Background; Adaxial_Epidermis; Abaxial_Epidermis; Bundle_Sheath; Vascular_Tissue; Palisade_Mesophyll; Spongy_Mesophyll; Air_Space,Mina Momayyezi,"Department of Plant Sciences, University of California, Davis, Davis, CA, United States",mmomayyezi@ucdavis.edu,,,,encoding: Devin standard; note: Almond control treatment; Devin-style encoding; Leaves were scanned at the mid-section within 24 h of excision.,Prunus dulcis leaf X-ray micro-CT images and segmentation masks (almond_control),,,not_started
almond_drought,Prunus dulcis drought leaf CT dataset (almond_drought),Almond,Prunus dulcis,Almond,Rosaceae,X-ray micro-CT,"X-ray μCT beamline (8.3.2) at the Advanced Light Source, Lawrence Berkeley National Laboratory","Berkeley, CA, United States",,um,1653 x 420,30,30,TIF,8,Background; Adaxial_Epidermis; Abaxial_Epidermis; Bundle_Sheath; Vascular_Tissue; Palisade_Mesophyll; Spongy_Mesophyll; Air_Space,Mina Momayyezi,"Department of Plant Sciences, University of California, Davis, Davis, CA, United States",mmomayyezi@ucdavis.edu,,,,encoding: Devin standard; note: Almond drought treatment; Devin-style encoding; Leaves were scanned at the mid-section within 24 h of excision.,Prunus dulcis leaf X-ray micro-CT images and segmentation masks (almond_drought),,,not_started
arabidopsis1,Arabidopsis thaliana Col-0 leaf CT dataset (arabidopsis1),Arabidopsis,Arabidopsis thaliana Col-0,Arabidopsis,Brassicaceae,X-ray micro-CT,"X-ray μCT beamline (8.3.2), 4× objective, at the Advanced Light Source, Lawrence Berkeley National Laboratory","Berkeley, CA, United States",1.6,um,1503 x 501,46,46,TIF,5,Background; Epidermis; Vascular_Region; Mesophyll; Air_Space,Leila R. Fletcher,"Department of Biology, Southern Oregon University, Ashland, OR, United States",fletcher.leila@gmail.com; fletcherl@sou.edu,,,,Leila Fletcher (SOU); Col-0; P-mode palette masks; Leaves were scanned at the mid-section within 24 h of excision.,Arabidopsis thaliana Col-0 leaf X-ray micro-CT images and segmentation masks (arabidopsis1),,,not_started
arabidopsis2,Arabidopsis thaliana Col-0 leaf CT dataset (arabidopsis2),Arabidopsis,Arabidopsis thaliana Col-0,Arabidopsis,Brassicaceae,X-ray micro-CT,"X-ray μCT beamline (8.3.2), 10× objective, at the Advanced Light Source, Lawrence Berkeley National Laboratory","Berkeley, CA, United States",0.65,um,1503 x 501,6,6,TIF,5,Background; Epidermis; Vascular_Region; Mesophyll; Air_Space,Leila R. Fletcher,"Department of Biology, Southern Oregon University, Ashland, OR, United States",fletcher.leila@gmail.com; fletcherl@sou.edu,,,,Devin Fowler re-annotation subset ('Copy of' files); same specimens as arabidopsis1; Leaves were scanned at the mid-section within 24 h of excision.,Arabidopsis thaliana Col-0 leaf X-ray micro-CT images and segmentation masks (arabidopsis2),,,not_started
arabidopsis3,Arabidopsis thaliana Col-0 leaf CT dataset (arabidopsis3),Arabidopsis,Arabidopsis thaliana Col-0,Arabidopsis,Brassicaceae,X-ray micro-CT,"X-ray μCT beamline (8.3.2), 10× objective, at the Advanced Light Source, Lawrence Berkeley National Laboratory","Berkeley, CA, United States",0.65,um,1503 x 501,4,4,TIF,5,Background; Epidermis; Vascular_Region; Mesophyll; Air_Space,Leila R. Fletcher,"Department of Biology, Southern Oregon University, Ashland, OR, United States",fletcher.leila@gmail.com; fletcherl@sou.edu,,,,Subset without vascular region annotation (4 classes only); Leaves were scanned at the mid-section within 24 h of excision.,Arabidopsis thaliana Col-0 leaf X-ray micro-CT images and segmentation masks (arabidopsis3),,,not_started
beilschmiedia_berteroana,Beilschmiedia berteroana leaf CT dataset (beilschmiedia_berteroana),Beilschmiedia,Beilschmiedia berteroana,Beilschmiedia,Lauraceae,X-ray micro-CT,"X-ray μCT beamline (8.3.2) at the Advanced Light Source, Lawrence Berkeley National Laboratory","Berkeley, CA, United States",,um,2440 x 648,7,7,TIF,6,Background; Epidermis; Bundle_Sheath; Vascular_Tissue; Mesophyll; Air_Space,Guillaume Théroux-Rancourt,"Institute of Agricultural and Environmental Sciences, Estonian University of Life Sciences, Tartu, Estonia",gtrancourt@gmail.com,,,,"Specimen: Beilschmiedia berteroana, UC Berkeley Botanical Garden, scanned 2016 or 2017. Annotation proposal via Guillaume Théroux-Rancourt; related to Théroux-Rancourt et al. 2021, Proceedings B of the Royal Society (https://royalsocietypublishing.org/doi/10.1098/rspb.2020.3145). Value 152 = Bundle Sheath Extensions, value 128 = Vein, both mapped to Vascular_Region (class 2).",Beilschmiedia berteroana leaf X-ray micro-CT images and segmentation masks (beilschmiedia_berteroana),,,not_started
calamagrostis_arundinacea,Calamagrostis arundinacea leaf CT dataset (calamagrostis_arundinacea),Calamagrostis,Calamagrostis arundinacea,Calamagrostis,Poaceae,X-ray micro-CT,"X-ray μCT beamline (8.3.2) at the Advanced Light Source, Lawrence Berkeley National Laboratory","Berkeley, CA, United States",,um,1068 x 270,6,6,TIF,6,Background; Epidermis; Bundle_Sheath; Vascular_Tissue; Mesophyll; Air_Space,Guillaume Théroux-Rancourt,"Institute of Agricultural and Environmental Sciences, Estonian University of Life Sciences, Tartu, Estonia",gtrancourt@gmail.com,,,,"Specimen: UC Berkeley Botanical Garden, catalog 2024_0447 (approx.), scanned 2018. Species name corrected from folder/slide spelling 'Calamagrotis arundicea' to 'Calamagrostis arundinacea'. Annotation proposal via Guillaume Théroux-Rancourt; related to Théroux-Rancourt et al. 2021, Proceedings B of the Royal Society (https://doi.org/10.1098/rspb.2020.3145). Value 152 = Bundle Sheath Extensions, value 128 = Vein, both mapped to Vascular_Region (class 2).",Calamagrostis arundinacea leaf X-ray micro-CT images and segmentation masks (calamagrostis_arundinacea),,,not_started
grape_111,Vitis vinifera leaf CT dataset (grape_111),Grape,Vitis vinifera,Grape,Vitaceae,X-ray micro-CT,"X-ray μCT beamline (8.3.2) at the Advanced Light Source, Lawrence Berkeley National Laboratory","Berkeley, CA, United States",0.65,um,1770 x 864,8,8,TIF,7,Background; Epidermis; Bundle_Sheath; Vascular_Tissue; Palisade_Mesophyll; Spongy_Mesophyll; Air_Space,Mina Momayyezi,"Department of Plant Sciences, University of California, Davis, Davis, CA, United States",mmomayyezi@ucdavis.edu,,,,LEAFtraits 8-class annotation; tannin idioblasts treated as ignored class; Leaves were scanned at the mid-section within 24 h of excision.,Vitis vinifera leaf X-ray micro-CT images and segmentation masks (grape_111),,,not_started
grape_112,Vitis vinifera leaf CT dataset (grape_112),Grape,Vitis vinifera,Grape,Vitaceae,X-ray micro-CT,"X-ray μCT beamline (8.3.2) at the Advanced Light Source, Lawrence Berkeley National Laboratory","Berkeley, CA, United States",0.65,um,2168 x 702,8,8,TIF,7,Background; Epidermis; Bundle_Sheath; Vascular_Tissue; Palisade_Mesophyll; Spongy_Mesophyll; Air_Space,Mina Momayyezi,"Department of Plant Sciences, University of California, Davis, Davis, CA, United States",mmomayyezi@ucdavis.edu,,,,LEAFtraits 8-class annotation; tannin idioblasts treated as ignored class; Leaves were scanned at the mid-section within 24 h of excision.,Vitis vinifera leaf X-ray micro-CT images and segmentation masks (grape_112),,,not_started
grape_113,Vitis vinifera leaf CT dataset (grape_113),Grape,Vitis vinifera,Grape,Vitaceae,X-ray micro-CT,"X-ray μCT beamline (8.3.2) at the Advanced Light Source, Lawrence Berkeley National Laboratory","Berkeley, CA, United States",0.65,um,2516 x 604,8,8,TIF,7,Background; Epidermis; Bundle_Sheath; Vascular_Tissue; Palisade_Mesophyll; Spongy_Mesophyll; Air_Space,Mina Momayyezi,"Department of Plant Sciences, University of California, Davis, Davis, CA, United States",mmomayyezi@ucdavis.edu,,,,LEAFtraits 8-class annotation; tannin idioblasts treated as ignored class; Leaves were scanned at the mid-section within 24 h of excision.,Vitis vinifera leaf X-ray micro-CT images and segmentation masks (grape_113),,,not_started
grape_76,Vitis vinifera leaf CT dataset (grape_76),Grape,Vitis vinifera,Grape,Vitaceae,X-ray micro-CT,"X-ray μCT beamline (8.3.2) at the Advanced Light Source, Lawrence Berkeley National Laboratory","Berkeley, CA, United States",0.65,um,2146 x 738,8,8,TIF,7,Background; Epidermis; Bundle_Sheath; Vascular_Tissue; Palisade_Mesophyll; Spongy_Mesophyll; Air_Space,Mina Momayyezi,"Department of Plant Sciences, University of California, Davis, Davis, CA, United States",mmomayyezi@ucdavis.edu,,,,LEAFtraits 8-class annotation; tannin idioblasts treated as ignored class; Leaves were scanned at the mid-section within 24 h of excision.,Vitis vinifera leaf X-ray micro-CT images and segmentation masks (grape_76),,,not_started
grape_control,Vitis vinifera control leaf CT dataset (grape_control),Grape,Vitis vinifera,Grape,Vitaceae,X-ray micro-CT,"X-ray μCT beamline (8.3.2) at the Advanced Light Source, Lawrence Berkeley National Laboratory","Berkeley, CA, United States",,um,1184 x 360,30,30,TIF,8,Background; Adaxial_Epidermis; Abaxial_Epidermis; Bundle_Sheath; Vascular_Tissue; Palisade_Mesophyll; Spongy_Mesophyll; Air_Space,Mina Momayyezi,"Department of Plant Sciences, University of California, Davis, Davis, CA, United States",mmomayyezi@ucdavis.edu,,,,"encoding: Devin standard; note: Values 140,150,207,235,237 are boundary artifacts mapped to ignore (254); Leaves were scanned at the mid-section within 24 h of excision.",Vitis vinifera leaf X-ray micro-CT images and segmentation masks (grape_control),,,not_started
grape_drought,Vitis vinifera drought leaf CT dataset (grape_drought),Grape,Vitis vinifera,Grape,Vitaceae,X-ray micro-CT,"X-ray μCT beamline (8.3.2) at the Advanced Light Source, Lawrence Berkeley National Laboratory","Berkeley, CA, United States",,um,1905 x 498,30,30,TIF,8,Background; Adaxial_Epidermis; Abaxial_Epidermis; Bundle_Sheath; Vascular_Tissue; Palisade_Mesophyll; Spongy_Mesophyll; Air_Space,Mina Momayyezi,"Department of Plant Sciences, University of California, Davis, Davis, CA, United States",mmomayyezi@ucdavis.edu,,,,annotator: Devin; source: devin2-style encoding; Leaves were scanned at the mid-section within 24 h of excision.,Vitis vinifera leaf X-ray micro-CT images and segmentation masks (grape_drought),,,not_started
grape_f,Vitis vinifera F leaf CT dataset (grape_f),Grape,Vitis vinifera,Grape,Vitaceae,X-ray micro-CT,"X-ray μCT beamline (8.3.2) at the Advanced Light Source, Lawrence Berkeley National Laboratory","Berkeley, CA, United States",,um,1239 x 636,41,41,TIF,8,Background; Adaxial_Epidermis; Abaxial_Epidermis; Bundle_Sheath; Vascular_Tissue; Palisade_Mesophyll; Spongy_Mesophyll; Air_Space,Mina Momayyezi,"Department of Plant Sciences, University of California, Davis, Davis, CA, United States",mmomayyezi@ucdavis.edu,,,,encoding: Devin standard; note: Grape; Devin-style encoding; Leaves were scanned at the mid-section within 24 h of excision.,Vitis vinifera leaf X-ray micro-CT images and segmentation masks (grape_f),,,not_started
grape_r,Vitis vinifera R leaf CT dataset (grape_r),Grape,Vitis vinifera,Grape,Vitaceae,X-ray micro-CT,"X-ray μCT beamline (8.3.2) at the Advanced Light Source, Lawrence Berkeley National Laboratory","Berkeley, CA, United States",,um,1333 x 336,30,30,TIF,8,Background; Adaxial_Epidermis; Abaxial_Epidermis; Bundle_Sheath; Vascular_Tissue; Palisade_Mesophyll; Spongy_Mesophyll; Air_Space,Mina Momayyezi,"Department of Plant Sciences, University of California, Davis, Davis, CA, United States",mmomayyezi@ucdavis.edu,,,,encoding: Devin standard; note: Grape; Devin-style encoding; Leaves were scanned at the mid-section within 24 h of excision.,Vitis vinifera leaf X-ray micro-CT images and segmentation masks (grape_r),,,not_started
grape_w,Vitis vinifera W leaf CT dataset (grape_w),Grape,Vitis vinifera,Grape,Vitaceae,X-ray micro-CT,"X-ray μCT beamline (8.3.2) at the Advanced Light Source, Lawrence Berkeley National Laboratory","Berkeley, CA, United States",,um,1184 x 360,30,30,TIF,8,Background; Adaxial_Epidermis; Abaxial_Epidermis; Bundle_Sheath; Vascular_Tissue; Palisade_Mesophyll; Spongy_Mesophyll; Air_Space,Mina Momayyezi,"Department of Plant Sciences, University of California, Davis, Davis, CA, United States",mmomayyezi@ucdavis.edu,,,,"encoding: Devin standard; note: Values 140,150,207,235,237 are boundary artifacts mapped to ignore (254); Leaves were scanned at the mid-section within 24 h of excision.",Vitis vinifera leaf X-ray micro-CT images and segmentation masks (grape_w),,,not_started
koelreuteria_paniculata,Koelreuteria paniculata leaf CT dataset (koelreuteria_paniculata),Koelreuteria,Koelreuteria paniculata,Golden Rain Tree,Sapindaceae,X-ray micro-CT,"X-ray μCT beamline (8.3.2) at the Advanced Light Source, Lawrence Berkeley National Laboratory","Berkeley, CA, United States",,um,623 x 327,11,11,TIF,5,Background; Epidermis; Vascular_Region; Mesophyll; Air_Space,Guillaume Théroux-Rancourt,"Institute of Agricultural and Environmental Sciences, Estonian University of Life Sciences, Tartu, Estonia",gtrancourt@gmail.com,,,,"Specimen: 20171019_005854_Koelreuteria_paniculata, UC Berkeley Botanical Garden, scanned 2017. Annotation proposal via Guillaume Théroux-Rancourt; related to Théroux-Rancourt et al. 2021, Proceedings B of the Royal Society (https://royalsocietypublishing.org/doi/10.1098/rspb.2020.3145). Value 85 = Bundle Sheath Extensions + Veins (combined, not separately annotated), mapped to Vascular_Region (class 2).",Koelreuteria paniculata leaf X-ray micro-CT images and segmentation masks (koelreuteria_paniculata),,,not_started
lantana_camara,Lantana camara leaf CT dataset (lantana_camara),Lantana,Lantana camara,Lantana,Verbenaceae,X-ray micro-CT,"X-ray μCT beamline (8.3.2) at the Advanced Light Source, Lawrence Berkeley National Laboratory","Berkeley, CA, United States",0.65,um,882 x 648,154,154,PNG,5,Background; Epidermis; Vascular_Region; Mesophyll; Air_Space,Aleca M. Borsuk,"Laboratory for Integrative Biodiversity Research, The New York Botanical Garden, Bronx, NY, United States",aborsuk@nybg.org,,,,Aleca M. Borsuk source dataset; Devin-style encoding; Leaves were scanned at the mid-section within 24 h of excision.,Lantana camara leaf X-ray micro-CT images and segmentation masks (lantana_camara),,,not_started
lantana_camara2,Lantana camara leaf CT dataset (lantana_camara2),Lantana,Lantana camara,Lantana,Verbenaceae,X-ray micro-CT,"X-ray μCT beamline (8.3.2) at the Advanced Light Source, Lawrence Berkeley National Laboratory","Berkeley, CA, United States",0.65,um,1216 x 380,8,8,PNG,5,Background; Epidermis; Bundle_Sheath_Extensions_and_Veins; Mesophyll; Air_Space,Jesse Gomez,"Department of Ecology and Evolutionary Biology, University of California, Los Angeles, Los Angeles, CA, United States",jegomez97@ucla.edu,,,,"Leaves are in various conditions, including well-hydrated, bench-dried, and rehydrated leaves (5 minutes, 1 hour, and 12 hours). Images were cropped to show only the mesophyll because the project focused on mesophyll.",Lantana camara leaf X-ray micro-CT images and segmentation masks (lantana_camara2),,,not_started
magnolia_grandiflora,Magnolia grandiflora leaf CT dataset (magnolia_grandiflora),Magnolia,Magnolia grandiflora,Southern Magnolia,Magnoliaceae,X-ray micro-CT,"X-ray μCT beamline (8.3.2) at the Advanced Light Source, Lawrence Berkeley National Laboratory","Berkeley, CA, United States",0.65,um,303 x 608,11,11,PNG,5,Background; Epidermis; Bundle_Sheath_Extensions_and_Veins; Mesophyll; Air_Space,Jesse Gomez,"Department of Ecology and Evolutionary Biology, University of California, Los Angeles, Los Angeles, CA, United States",jegomez97@ucla.edu,,,,"Leaves are in various conditions, including well-hydrated, bench-dried, and rehydrated leaves (5 minutes, 1 hour, and 12 hours). Images were cropped to show only the mesophyll because the project focused on mesophyll.",Magnolia grandiflora leaf X-ray micro-CT images and segmentation masks (magnolia_grandiflora),,,not_started
oak_quce,Quercus cerris leaf CT dataset (oak_quce),Oak,Quercus cerris,Turkey Oak,Fagaceae,X-ray micro-CT,"X-ray μCT beamline (8.3.2), 10× objective, at the Advanced Light Source, Lawrence Berkeley National Laboratory","Berkeley, CA, United States",0.65,um,1158 x 464,18,18,TIF,8,Background; Adaxial_Epidermis; Abaxial_Epidermis; Bundle_Sheath; Vascular_Tissue; Palisade_Mesophyll; Spongy_Mesophyll; Air_Space,Morgan E. Furze,"Department of Botany and Plant Pathology, Purdue University, West Lafayette, IN, United States",mfurze@purdue.edu,10.1093/aobpla/plaf063,https://doi.org/10.1093/aobpla/plaf063,"Momayyezi, M., Prats, K. A., McElrone, A. J., & Furze, M. E. (2025). Biochemical and anatomical leaf characteristics of oak trees contribute to differences in photosynthetic capacity between leaf habits. AoB PLANTS, 17(6). https://doi.org/10.1093/aobpla/plaf063",oak segmentation: Devin; value 254: pre-labelled ignore pixels already in mask; Leaves were scanned at the mid-section within 24 h of excision.,Quercus cerris leaf X-ray micro-CT images and segmentation masks (oak_quce),,,not_started
oak_qucf,Quercus crassifolia leaf CT dataset (oak_qucf),Oak,Quercus crassifolia,Hungarian Oak,Fagaceae,X-ray micro-CT,"X-ray μCT beamline (8.3.2), 10× objective, at the Advanced Light Source, Lawrence Berkeley National Laboratory","Berkeley, CA, United States",0.65,um,1586 x 627,18,18,TIF,8,Background; Adaxial_Epidermis; Abaxial_Epidermis; Bundle_Sheath; Vascular_Tissue; Palisade_Mesophyll; Spongy_Mesophyll; Air_Space,Morgan E. Furze,"Department of Botany and Plant Pathology, Purdue University, West Lafayette, IN, United States",mfurze@purdue.edu,10.1093/aobpla/plaf063,https://doi.org/10.1093/aobpla/plaf063,"Momayyezi, M., Prats, K. A., McElrone, A. J., & Furze, M. E. (2025). Biochemical and anatomical leaf characteristics of oak trees contribute to differences in photosynthetic capacity between leaf habits. AoB PLANTS, 17(6). https://doi.org/10.1093/aobpla/plaf063",oak segmentation: Devin; Leaves were scanned at the mid-section within 24 h of excision.,Quercus crassifolia leaf X-ray micro-CT images and segmentation masks (oak_qucf),,,not_started
oak_qucr,Quercus crassipes leaf CT dataset (oak_qucr),Oak,Quercus crassipes,English Oak,Fagaceae,X-ray micro-CT,"X-ray μCT beamline (8.3.2), 10× objective, at the Advanced Light Source, Lawrence Berkeley National Laboratory","Berkeley, CA, United States",0.65,um,1560 x 423,18,18,TIF,8,Background; Adaxial_Epidermis; Abaxial_Epidermis; Bundle_Sheath; Vascular_Tissue; Palisade_Mesophyll; Spongy_Mesophyll; Air_Space,Morgan E. Furze,"Department of Botany and Plant Pathology, Purdue University, West Lafayette, IN, United States",mfurze@purdue.edu,10.1093/aobpla/plaf063,https://doi.org/10.1093/aobpla/plaf063,"Momayyezi, M., Prats, K. A., McElrone, A. J., & Furze, M. E. (2025). Biochemical and anatomical leaf characteristics of oak trees contribute to differences in photosynthetic capacity between leaf habits. AoB PLANTS, 17(6). https://doi.org/10.1093/aobpla/plaf063",oak segmentation: Devin; value 225: unclassified/border region → ignore (254); Leaves were scanned at the mid-section within 24 h of excision.,Quercus crassipes leaf X-ray micro-CT images and segmentation masks (oak_qucr),,,not_started
oak_quob,Quercus obtusata leaf CT dataset (oak_quob),Oak,Quercus obtusata,Gray Oak,Fagaceae,X-ray micro-CT,"X-ray μCT beamline (8.3.2), 10× objective, at the Advanced Light Source, Lawrence Berkeley National Laboratory","Berkeley, CA, United States",0.65,um,1784 x 715,18,18,TIF,8,Background; Adaxial_Epidermis; Abaxial_Epidermis; Bundle_Sheath; Vascular_Tissue; Palisade_Mesophyll; Spongy_Mesophyll; Air_Space,Morgan E. Furze,"Department of Botany and Plant Pathology, Purdue University, West Lafayette, IN, United States",mfurze@purdue.edu,10.1093/aobpla/plaf063,https://doi.org/10.1093/aobpla/plaf063,"Momayyezi, M., Prats, K. A., McElrone, A. J., & Furze, M. E. (2025). Biochemical and anatomical leaf characteristics of oak trees contribute to differences in photosynthetic capacity between leaf habits. AoB PLANTS, 17(6). https://doi.org/10.1093/aobpla/plaf063",oak segmentation: Devin; value 225: unclassified/border region → ignore (254); Leaves were scanned at the mid-section within 24 h of excision.,Quercus obtusata leaf X-ray micro-CT images and segmentation masks (oak_quob),,,not_started
oak_quru,Quercus rugosa leaf CT dataset (oak_quru),Oak,Quercus rugosa,Northern Red Oak,Fagaceae,X-ray micro-CT,"X-ray μCT beamline (8.3.2), 10× objective, at the Advanced Light Source, Lawrence Berkeley National Laboratory","Berkeley, CA, United States",0.65,um,1456 x 896,18,18,TIF,8,Background; Adaxial_Epidermis; Abaxial_Epidermis; Bundle_Sheath; Vascular_Tissue; Palisade_Mesophyll; Spongy_Mesophyll; Air_Space,Morgan E. Furze,"Department of Botany and Plant Pathology, Purdue University, West Lafayette, IN, United States",mfurze@purdue.edu,10.1093/aobpla/plaf063,https://doi.org/10.1093/aobpla/plaf063,"Momayyezi, M., Prats, K. A., McElrone, A. J., & Furze, M. E. (2025). Biochemical and anatomical leaf characteristics of oak trees contribute to differences in photosynthetic capacity between leaf habits. AoB PLANTS, 17(6). https://doi.org/10.1093/aobpla/plaf063",oak segmentation: Devin; Leaves were scanned at the mid-section within 24 h of excision.,Quercus rugosa leaf X-ray micro-CT images and segmentation masks (oak_quru),,,not_started
oak_qusu,Quercus suber leaf CT dataset (oak_qusu),Oak,Quercus suber,Cork Oak,Fagaceae,X-ray micro-CT,"X-ray μCT beamline (8.3.2), 10× objective, at the Advanced Light Source, Lawrence Berkeley National Laboratory","Berkeley, CA, United States",0.65,um,1600 x 496,18,18,TIF,8,Background; Adaxial_Epidermis; Abaxial_Epidermis; Bundle_Sheath; Vascular_Tissue; Palisade_Mesophyll; Spongy_Mesophyll; Air_Space,Morgan E. Furze,"Department of Botany and Plant Pathology, Purdue University, West Lafayette, IN, United States",mfurze@purdue.edu,10.1093/aobpla/plaf063,https://doi.org/10.1093/aobpla/plaf063,"Momayyezi, M., Prats, K. A., McElrone, A. J., & Furze, M. E. (2025). Biochemical and anatomical leaf characteristics of oak trees contribute to differences in photosynthetic capacity between leaf habits. AoB PLANTS, 17(6). https://doi.org/10.1093/aobpla/plaf063",oak segmentation: Devin; value 225: unclassified/border region → ignore (254); Leaves were scanned at the mid-section within 24 h of excision.,Quercus suber leaf X-ray micro-CT images and segmentation masks (oak_qusu),,,not_started
olive_d1,Olea europaea leaf CT dataset (olive_d1),Olive,Olea europaea,Olive,Oleaceae,X-ray micro-CT,"X-ray μCT beamline (8.3.2) at the Advanced Light Source, Lawrence Berkeley National Laboratory","Berkeley, CA, United States",0.65,um,1072 x 844,6,6,TIF,7,Background; Adaxial_Epidermis; Abaxial_Epidermis; Vascular_Region; Palisade_Mesophyll; Spongy_Mesophyll; Air_Space,Mina Momayyezi,"Department of Plant Sciences, University of California, Davis, Davis, CA, United States",mmomayyezi@ucdavis.edu,,,,Drought treatment (d); Leaves were scanned at the mid-section within 24 h of excision.,Olea europaea leaf X-ray micro-CT images and segmentation masks (olive_d1),,,not_started
olive_d2,Olea europaea leaf CT dataset (olive_d2),Olive,Olea europaea,Olive,Oleaceae,X-ray micro-CT,"X-ray μCT beamline (8.3.2) at the Advanced Light Source, Lawrence Berkeley National Laboratory","Berkeley, CA, United States",0.65,um,1416 x 760,6,6,TIF,7,Background; Adaxial_Epidermis; Abaxial_Epidermis; Vascular_Region; Palisade_Mesophyll; Spongy_Mesophyll; Air_Space,Mina Momayyezi,"Department of Plant Sciences, University of California, Davis, Davis, CA, United States",mmomayyezi@ucdavis.edu,,,,"olive segmentation: Devin; value 225: unclassified/border region → ignore (254); slice 1: was JPEG-corrupted RGB, recovered by snapping to nearest class; Leaves were scanned at the mid-section within 24 h of excision.",Olea europaea leaf X-ray micro-CT images and segmentation masks (olive_d2),,,not_started
olive_d3,Olea europaea leaf CT dataset (olive_d3),Olive,Olea europaea,Olive,Oleaceae,X-ray micro-CT,"X-ray μCT beamline (8.3.2) at the Advanced Light Source, Lawrence Berkeley National Laboratory","Berkeley, CA, United States",0.65,um,921 x 744,6,6,TIF,7,Background; Adaxial_Epidermis; Abaxial_Epidermis; Vascular_Region; Palisade_Mesophyll; Spongy_Mesophyll; Air_Space,Mina Momayyezi,"Department of Plant Sciences, University of California, Davis, Davis, CA, United States",mmomayyezi@ucdavis.edu,,,,olive segmentation: Devin; Leaves were scanned at the mid-section within 24 h of excision.,Olea europaea leaf X-ray micro-CT images and segmentation masks (olive_d3),,,not_started
olive_d4,Olea europaea leaf CT dataset (olive_d4),Olive,Olea europaea,Olive,Oleaceae,X-ray micro-CT,"X-ray μCT beamline (8.3.2) at the Advanced Light Source, Lawrence Berkeley National Laboratory","Berkeley, CA, United States",0.65,um,1328 x 816,6,6,TIF,7,Background; Adaxial_Epidermis; Abaxial_Epidermis; Vascular_Region; Palisade_Mesophyll; Spongy_Mesophyll; Air_Space,Mina Momayyezi,"Department of Plant Sciences, University of California, Davis, Davis, CA, United States",mmomayyezi@ucdavis.edu,,,,olive segmentation: Devin; value 225: unclassified/border region → ignore (254); Leaves were scanned at the mid-section within 24 h of excision.,Olea europaea leaf X-ray micro-CT images and segmentation masks (olive_d4),,,not_started
olive_d5,Olea europaea leaf CT dataset (olive_d5),Olive,Olea europaea,Olive,Oleaceae,X-ray micro-CT,"X-ray μCT beamline (8.3.2) at the Advanced Light Source, Lawrence Berkeley National Laboratory","Berkeley, CA, United States",0.65,um,1668 x 820,6,6,TIF,7,Background; Adaxial_Epidermis; Abaxial_Epidermis; Vascular_Region; Palisade_Mesophyll; Spongy_Mesophyll; Air_Space,Mina Momayyezi,"Department of Plant Sciences, University of California, Davis, Davis, CA, United States",mmomayyezi@ucdavis.edu,,,,olive segmentation: Devin; value 225: unclassified/border region → ignore (254); Leaves were scanned at the mid-section within 24 h of excision.,Olea europaea leaf X-ray micro-CT images and segmentation masks (olive_d5),,,not_started
olive_rw1,Olea europaea leaf CT dataset (olive_rw1),Olive,Olea europaea,Olive,Oleaceae,X-ray micro-CT,"X-ray μCT beamline (8.3.2) at the Advanced Light Source, Lawrence Berkeley National Laboratory","Berkeley, CA, United States",0.65,um,1220 x 666,10,10,TIF,7,Background; Adaxial_Epidermis; Abaxial_Epidermis; Vascular_Region; Palisade_Mesophyll; Spongy_Mesophyll; Air_Space,Mina Momayyezi,"Department of Plant Sciences, University of California, Davis, Davis, CA, United States",mmomayyezi@ucdavis.edu,,,,Re-watered treatment (rw); Leaves were scanned at the mid-section within 24 h of excision.,Olea europaea leaf X-ray micro-CT images and segmentation masks (olive_rw1),,,not_started
olive_rw2,Olea europaea leaf CT dataset (olive_rw2),Olive,Olea europaea,Olive,Oleaceae,X-ray micro-CT,"X-ray μCT beamline (8.3.2) at the Advanced Light Source, Lawrence Berkeley National Laboratory","Berkeley, CA, United States",0.65,um,1254 x 712,2,2,TIF,7,Background; Adaxial_Epidermis; Abaxial_Epidermis; Vascular_Region; Palisade_Mesophyll; Spongy_Mesophyll; Air_Space,Mina Momayyezi,"Department of Plant Sciences, University of California, Davis, Davis, CA, United States",mmomayyezi@ucdavis.edu,,,,olive segmentation: Devin; value 225: unclassified/border region → ignore (254); Leaves were scanned at the mid-section within 24 h of excision.,Olea europaea leaf X-ray micro-CT images and segmentation masks (olive_rw2),,,not_started
olive_rw3,Olea europaea leaf CT dataset (olive_rw3),Olive,Olea europaea,Olive,Oleaceae,X-ray micro-CT,"X-ray μCT beamline (8.3.2) at the Advanced Light Source, Lawrence Berkeley National Laboratory","Berkeley, CA, United States",0.65,um,1272 x 732,6,6,TIF,7,Background; Adaxial_Epidermis; Abaxial_Epidermis; Vascular_Region; Palisade_Mesophyll; Spongy_Mesophyll; Air_Space,Mina Momayyezi,"Department of Plant Sciences, University of California, Davis, Davis, CA, United States",mmomayyezi@ucdavis.edu,,,,olive segmentation: Devin; value 225: unclassified/border region → ignore (254); Leaves were scanned at the mid-section within 24 h of excision.,Olea europaea leaf X-ray micro-CT images and segmentation masks (olive_rw3),,,not_started
olive_rw4,Olea europaea leaf CT dataset (olive_rw4),Olive,Olea europaea,Olive,Oleaceae,X-ray micro-CT,"X-ray μCT beamline (8.3.2) at the Advanced Light Source, Lawrence Berkeley National Laboratory","Berkeley, CA, United States",0.65,um,1182 x 696,6,6,TIF,7,Background; Adaxial_Epidermis; Abaxial_Epidermis; Vascular_Region; Palisade_Mesophyll; Spongy_Mesophyll; Air_Space,Mina Momayyezi,"Department of Plant Sciences, University of California, Davis, Davis, CA, United States",mmomayyezi@ucdavis.edu,,,,olive segmentation: Devin; value 225: unclassified/border region → ignore (254); Leaves were scanned at the mid-section within 24 h of excision.,Olea europaea leaf X-ray micro-CT images and segmentation masks (olive_rw4),,,not_started
olive_ww1,Olea europaea leaf CT dataset (olive_ww1),Olive,Olea europaea,Olive,Oleaceae,X-ray micro-CT,"X-ray μCT beamline (8.3.2) at the Advanced Light Source, Lawrence Berkeley National Laboratory","Berkeley, CA, United States",0.65,um,1372 x 756,6,6,TIF,7,Background; Adaxial_Epidermis; Abaxial_Epidermis; Vascular_Region; Palisade_Mesophyll; Spongy_Mesophyll; Air_Space,Mina Momayyezi,"Department of Plant Sciences, University of California, Davis, Davis, CA, United States",mmomayyezi@ucdavis.edu,,,,Well-watered treatment (ww); Leaves were scanned at the mid-section within 24 h of excision.,Olea europaea leaf X-ray micro-CT images and segmentation masks (olive_ww1),,,not_started
olive_ww2,Olea europaea leaf CT dataset (olive_ww2),Olive,Olea europaea,Olive,Oleaceae,X-ray micro-CT,"X-ray μCT beamline (8.3.2) at the Advanced Light Source, Lawrence Berkeley National Laboratory","Berkeley, CA, United States",0.65,um,1818 x 858,6,6,TIF,7,Background; Adaxial_Epidermis; Abaxial_Epidermis; Vascular_Region; Palisade_Mesophyll; Spongy_Mesophyll; Air_Space,Mina Momayyezi,"Department of Plant Sciences, University of California, Davis, Davis, CA, United States",mmomayyezi@ucdavis.edu,,,,olive segmentation: Devin; value 225: unclassified/border region → ignore (254); Leaves were scanned at the mid-section within 24 h of excision.,Olea europaea leaf X-ray micro-CT images and segmentation masks (olive_ww2),,,not_started
olive_ww3,Olea europaea leaf CT dataset (olive_ww3),Olive,Olea europaea,Olive,Oleaceae,X-ray micro-CT,"X-ray μCT beamline (8.3.2) at the Advanced Light Source, Lawrence Berkeley National Laboratory","Berkeley, CA, United States",0.65,um,1540 x 756,6,6,TIF,7,Background; Adaxial_Epidermis; Abaxial_Epidermis; Vascular_Region; Palisade_Mesophyll; Spongy_Mesophyll; Air_Space,Mina Momayyezi,"Department of Plant Sciences, University of California, Davis, Davis, CA, United States",mmomayyezi@ucdavis.edu,,,,olive segmentation: Devin; value 225: unclassified/border region → ignore (254); Leaves were scanned at the mid-section within 24 h of excision.,Olea europaea leaf X-ray micro-CT images and segmentation masks (olive_ww3),,,not_started
olive_ww4,Olea europaea leaf CT dataset (olive_ww4),Olive,Olea europaea,Olive,Oleaceae,X-ray micro-CT,"X-ray μCT beamline (8.3.2) at the Advanced Light Source, Lawrence Berkeley National Laboratory","Berkeley, CA, United States",0.65,um,1881 x 744,6,6,TIF,7,Background; Adaxial_Epidermis; Abaxial_Epidermis; Vascular_Region; Palisade_Mesophyll; Spongy_Mesophyll; Air_Space,Mina Momayyezi,"Department of Plant Sciences, University of California, Davis, Davis, CA, United States",mmomayyezi@ucdavis.edu,,,,olive segmentation: Devin; value 225: unclassified/border region → ignore (254); Leaves were scanned at the mid-section within 24 h of excision.,Olea europaea leaf X-ray micro-CT images and segmentation masks (olive_ww4),,,not_started
olive_ww5,Olea europaea leaf CT dataset (olive_ww5),Olive,Olea europaea,Olive,Oleaceae,X-ray micro-CT,"X-ray μCT beamline (8.3.2) at the Advanced Light Source, Lawrence Berkeley National Laboratory","Berkeley, CA, United States",0.65,um,1803 x 702,6,6,TIF,7,Background; Adaxial_Epidermis; Abaxial_Epidermis; Vascular_Region; Palisade_Mesophyll; Spongy_Mesophyll; Air_Space,Mina Momayyezi,"Department of Plant Sciences, University of California, Davis, Davis, CA, United States",mmomayyezi@ucdavis.edu,,,,olive segmentation: Devin; value 225: unclassified/border region → ignore (254); Leaves were scanned at the mid-section within 24 h of excision.,Olea europaea leaf X-ray micro-CT images and segmentation masks (olive_ww5),,,not_started
pine_larix_occidentails1,Larix occidentalis leaf CT dataset (pine_larix_occidentails1),Pine & allies,Larix occidentalis,Western Larch,Pinaceae,X-ray micro-CT,"X-ray μCT beamline (8.3.2) at the Advanced Light Source, Lawrence Berkeley National Laboratory","Berkeley, CA, United States",0.65,um,470 x 446,6,6,TIF,7,Background; Epidermis; Mesophyll; Resin_Duct; Air_Space; Transfusion_Tissue; Vascular_Bundle,Santiago Trueba,"AMAP Lab, University of Montpellier, IRD, Montpellier, France",santiago.trueba@ird.fr,10.1111/nph.17772,https://nph.onlinelibrary.wiley.com/doi/full/10.1111/nph.17772,"Trueba, S., Théroux-Rancourt, G., Earles, J. M., Buckley, T. N., Love, D., Johnson, D. M., & Brodersen, C. (2022). The three-dimensional construction of leaves is coordinated with water use efficiency in conifers. New Phytologist, 233(2), 851–861. https://doi.org/10.1111/nph.17772","Trueba et al. 2022, New Phytol. 233:851-861; 31 conifer species, mainly Pinus spp.; facility proposal/ESAF: NA, check with C. Brodersen.; Leaves were scanned at the mid-section within 24 h of excision.",Larix occidentalis leaf X-ray micro-CT images and segmentation masks (pine_larix_occidentails1),,,not_started
pine_larix_occidentails2,Larix occidentalis leaf CT dataset (pine_larix_occidentails2),Pine & allies,Larix occidentalis,Western Larch,Pinaceae,X-ray micro-CT,"X-ray μCT beamline (8.3.2) at the Advanced Light Source, Lawrence Berkeley National Laboratory","Berkeley, CA, United States",0.65,um,422 x 492,6,6,TIF,7,Background; Epidermis; Mesophyll; Resin_Duct; Air_Space; Transfusion_Tissue; Vascular_Bundle,Santiago Trueba,"AMAP Lab, University of Montpellier, IRD, Montpellier, France",santiago.trueba@ird.fr,10.1111/nph.17772,https://nph.onlinelibrary.wiley.com/doi/full/10.1111/nph.17772,"Trueba, S., Théroux-Rancourt, G., Earles, J. M., Buckley, T. N., Love, D., Johnson, D. M., & Brodersen, C. (2022). The three-dimensional construction of leaves is coordinated with water use efficiency in conifers. New Phytologist, 233(2), 851–861. https://doi.org/10.1111/nph.17772","Trueba et al. 2022, New Phytol. 233:851-861; 31 conifer species, mainly Pinus spp.; facility proposal/ESAF: NA, check with C. Brodersen.; Leaves were scanned at the mid-section within 24 h of excision.",Larix occidentalis leaf X-ray micro-CT images and segmentation masks (pine_larix_occidentails2),,,not_started
pine_pinus_araucaria_angustifolia,Araucaria angustifolia leaf CT dataset (pine_pinus_araucaria_angustifolia),Pine & allies,Araucaria angustifolia,Parana Pine,Araucariaceae,X-ray micro-CT,"X-ray μCT beamline (8.3.2) at the Advanced Light Source, Lawrence Berkeley National Laboratory","Berkeley, CA, United States",0.65,um,1992 x 396,6,6,TIF,7,Background; Epidermis; Mesophyll; Resin_Duct; Air_Space; Transfusion_Tissue; Vascular_Bundle,Santiago Trueba,"AMAP Lab, University of Montpellier, IRD, Montpellier, France",santiago.trueba@ird.fr,10.1111/nph.17772,https://nph.onlinelibrary.wiley.com/doi/full/10.1111/nph.17772,"Trueba, S., Théroux-Rancourt, G., Earles, J. M., Buckley, T. N., Love, D., Johnson, D. M., & Brodersen, C. (2022). The three-dimensional construction of leaves is coordinated with water use efficiency in conifers. New Phytologist, 233(2), 851–861. https://doi.org/10.1111/nph.17772","Trueba et al. 2022, New Phytol. 233:851-861; 31 conifer species, mainly Pinus spp.; facility proposal/ESAF: NA, check with C. Brodersen.; Leaves were scanned at the mid-section within 24 h of excision.",Araucaria angustifolia leaf X-ray micro-CT images and segmentation masks (pine_pinus_araucaria_angustifolia),,,not_started
pine_pinus_banksiana,Pinus banksiana leaf CT dataset (pine_pinus_banksiana),Pine & allies,Pinus banksiana,Jack Pine,Pinaceae,X-ray micro-CT,"X-ray μCT beamline (8.3.2) at the Advanced Light Source, Lawrence Berkeley National Laboratory","Berkeley, CA, United States",0.65,um,1107 x 585,6,6,TIF,6,Background; Epidermis; Mesophyll; Air_Space; Transfusion_Tissue; Vascular_Bundle,Santiago Trueba,"AMAP Lab, University of Montpellier, IRD, Montpellier, France",santiago.trueba@ird.fr,10.1111/nph.17772,https://nph.onlinelibrary.wiley.com/doi/full/10.1111/nph.17772,"Trueba, S., Théroux-Rancourt, G., Earles, J. M., Buckley, T. N., Love, D., Johnson, D. M., & Brodersen, C. (2022). The three-dimensional construction of leaves is coordinated with water use efficiency in conifers. New Phytologist, 233(2), 851–861. https://doi.org/10.1111/nph.17772","Trueba et al. 2022, New Phytol. 233:851-861; 31 conifer species, mainly Pinus spp.; facility proposal/ESAF: NA, check with C. Brodersen.; Leaves were scanned at the mid-section within 24 h of excision.",Pinus banksiana leaf X-ray micro-CT images and segmentation masks (pine_pinus_banksiana),,,not_started
pine_pinus_contorta2,Pinus contorta leaf CT dataset (pine_pinus_contorta2),Pine & allies,Pinus contorta,Lodgepole Pine,Pinaceae,X-ray micro-CT,"X-ray μCT beamline (8.3.2) at the Advanced Light Source, Lawrence Berkeley National Laboratory","Berkeley, CA, United States",0.65,um,1320 x 1286,6,6,TIF,6,Background; Epidermis; Mesophyll; Air_Space; Transfusion_Tissue; Vascular_Bundle,Santiago Trueba,"AMAP Lab, University of Montpellier, IRD, Montpellier, France",santiago.trueba@ird.fr,10.1111/nph.17772,https://nph.onlinelibrary.wiley.com/doi/full/10.1111/nph.17772,"Trueba, S., Théroux-Rancourt, G., Earles, J. M., Buckley, T. N., Love, D., Johnson, D. M., & Brodersen, C. (2022). The three-dimensional construction of leaves is coordinated with water use efficiency in conifers. New Phytologist, 233(2), 851–861. https://doi.org/10.1111/nph.17772","Trueba et al. 2022, New Phytol. 233:851-861; 31 conifer species, mainly Pinus spp.; facility proposal/ESAF: NA, check with C. Brodersen.; Leaves were scanned at the mid-section within 24 h of excision.",Pinus contorta leaf X-ray micro-CT images and segmentation masks (pine_pinus_contorta2),,,not_started
pine_pinus_densifora,Pinus densiflora leaf CT dataset (pine_pinus_densifora),Pine & allies,Pinus densiflora,Japanese Red Pine,Pinaceae,X-ray micro-CT,"X-ray μCT beamline (8.3.2) at the Advanced Light Source, Lawrence Berkeley National Laboratory","Berkeley, CA, United States",0.65,um,847 x 582,6,6,TIF,7,Background; Epidermis; Mesophyll; Resin_Duct; Air_Space; Transfusion_Tissue; Vascular_Bundle,Santiago Trueba,"AMAP Lab, University of Montpellier, IRD, Montpellier, France",santiago.trueba@ird.fr,10.1111/nph.17772,https://nph.onlinelibrary.wiley.com/doi/full/10.1111/nph.17772,"Trueba, S., Théroux-Rancourt, G., Earles, J. M., Buckley, T. N., Love, D., Johnson, D. M., & Brodersen, C. (2022). The three-dimensional construction of leaves is coordinated with water use efficiency in conifers. New Phytologist, 233(2), 851–861. https://doi.org/10.1111/nph.17772","Trueba et al. 2022, New Phytol. 233:851-861; 31 conifer species, mainly Pinus spp.; facility proposal/ESAF: NA, check with C. Brodersen.; Leaves were scanned at the mid-section within 24 h of excision.",Pinus densiflora leaf X-ray micro-CT images and segmentation masks (pine_pinus_densifora),,,not_started
pine_pinus_elliotii1,Pinus elliottii leaf CT dataset (pine_pinus_elliotii1),Pine & allies,Pinus elliottii,Slash Pine,Pinaceae,X-ray micro-CT,"X-ray μCT beamline (8.3.2) at the Advanced Light Source, Lawrence Berkeley National Laboratory","Berkeley, CA, United States",0.65,um,2308 x 1466,6,6,TIF,7,Background; Epidermis; Mesophyll; Resin_Duct; Air_Space; Transfusion_Tissue; Vascular_Bundle,Santiago Trueba,"AMAP Lab, University of Montpellier, IRD, Montpellier, France",santiago.trueba@ird.fr,10.1111/nph.17772,https://nph.onlinelibrary.wiley.com/doi/full/10.1111/nph.17772,"Trueba, S., Théroux-Rancourt, G., Earles, J. M., Buckley, T. N., Love, D., Johnson, D. M., & Brodersen, C. (2022). The three-dimensional construction of leaves is coordinated with water use efficiency in conifers. New Phytologist, 233(2), 851–861. https://doi.org/10.1111/nph.17772","Trueba et al. 2022, New Phytol. 233:851-861; 31 conifer species, mainly Pinus spp.; facility proposal/ESAF: NA, check with C. Brodersen.; Leaves were scanned at the mid-section within 24 h of excision.",Pinus elliottii leaf X-ray micro-CT images and segmentation masks (pine_pinus_elliotii1),,,not_started
pine_pinus_elliotii2,Pinus elliottii leaf CT dataset (pine_pinus_elliotii2),Pine & allies,Pinus elliottii,Slash Pine,Pinaceae,X-ray micro-CT,"X-ray μCT beamline (8.3.2) at the Advanced Light Source, Lawrence Berkeley National Laboratory","Berkeley, CA, United States",0.65,um,2526 x 1616,7,7,TIF,7,Background; Epidermis; Mesophyll; Resin_Duct; Air_Space; Transfusion_Tissue; Vascular_Bundle,Santiago Trueba,"AMAP Lab, University of Montpellier, IRD, Montpellier, France",santiago.trueba@ird.fr,10.1111/nph.17772,https://nph.onlinelibrary.wiley.com/doi/full/10.1111/nph.17772,"Trueba, S., Théroux-Rancourt, G., Earles, J. M., Buckley, T. N., Love, D., Johnson, D. M., & Brodersen, C. (2022). The three-dimensional construction of leaves is coordinated with water use efficiency in conifers. New Phytologist, 233(2), 851–861. https://doi.org/10.1111/nph.17772","Trueba et al. 2022, New Phytol. 233:851-861; 31 conifer species, mainly Pinus spp.; facility proposal/ESAF: NA, check with C. Brodersen.; Leaves were scanned at the mid-section within 24 h of excision.",Pinus elliottii leaf X-ray micro-CT images and segmentation masks (pine_pinus_elliotii2),,,not_started
pine_pinus_flexilis1,Pinus flexilis leaf CT dataset (pine_pinus_flexilis1),Pine & allies,Pinus flexilis,Limber Pine,Pinaceae,X-ray micro-CT,"X-ray μCT beamline (8.3.2) at the Advanced Light Source, Lawrence Berkeley National Laboratory","Berkeley, CA, United States",0.65,um,1522 x 1338,6,6,TIF,7,Background; Epidermis; Mesophyll; Resin_Duct; Air_Space; Transfusion_Tissue; Vascular_Bundle,Santiago Trueba,"AMAP Lab, University of Montpellier, IRD, Montpellier, France",santiago.trueba@ird.fr,10.1111/nph.17772,https://nph.onlinelibrary.wiley.com/doi/full/10.1111/nph.17772,"Trueba, S., Théroux-Rancourt, G., Earles, J. M., Buckley, T. N., Love, D., Johnson, D. M., & Brodersen, C. (2022). The three-dimensional construction of leaves is coordinated with water use efficiency in conifers. New Phytologist, 233(2), 851–861. https://doi.org/10.1111/nph.17772","Trueba et al. 2022, New Phytol. 233:851-861; 31 conifer species, mainly Pinus spp.; facility proposal/ESAF: NA, check with C. Brodersen.; Leaves were scanned at the mid-section within 24 h of excision.",Pinus flexilis leaf X-ray micro-CT images and segmentation masks (pine_pinus_flexilis1),,,not_started
pine_pinus_flexilis3,Pinus flexilis leaf CT dataset (pine_pinus_flexilis3),Pine & allies,Pinus flexilis,Limber Pine,Pinaceae,X-ray micro-CT,"X-ray μCT beamline (8.3.2) at the Advanced Light Source, Lawrence Berkeley National Laboratory","Berkeley, CA, United States",0.65,um,1713 x 1566,5,5,TIF,7,Background; Epidermis; Mesophyll; Resin_Duct; Air_Space; Transfusion_Tissue; Vascular_Bundle,Santiago Trueba,"AMAP Lab, University of Montpellier, IRD, Montpellier, France",santiago.trueba@ird.fr,10.1111/nph.17772,https://nph.onlinelibrary.wiley.com/doi/full/10.1111/nph.17772,"Trueba, S., Théroux-Rancourt, G., Earles, J. M., Buckley, T. N., Love, D., Johnson, D. M., & Brodersen, C. (2022). The three-dimensional construction of leaves is coordinated with water use efficiency in conifers. New Phytologist, 233(2), 851–861. https://doi.org/10.1111/nph.17772","Trueba et al. 2022, New Phytol. 233:851-861; 31 conifer species, mainly Pinus spp.; facility proposal/ESAF: NA, check with C. Brodersen.; Leaves were scanned at the mid-section within 24 h of excision.",Pinus flexilis leaf X-ray micro-CT images and segmentation masks (pine_pinus_flexilis3),,,not_started
pine_pinus_glabra,Pinus glabra leaf CT dataset (pine_pinus_glabra),Pine & allies,Pinus glabra,Spruce Pine,Pinaceae,X-ray micro-CT,"X-ray μCT beamline (8.3.2) at the Advanced Light Source, Lawrence Berkeley National Laboratory","Berkeley, CA, United States",0.65,um,1894 x 1174,6,6,TIF,7,Background; Epidermis; Mesophyll; Resin_Duct; Air_Space; Transfusion_Tissue; Vascular_Bundle,Santiago Trueba,"AMAP Lab, University of Montpellier, IRD, Montpellier, France",santiago.trueba@ird.fr,10.1111/nph.17772,https://nph.onlinelibrary.wiley.com/doi/full/10.1111/nph.17772,"Trueba, S., Théroux-Rancourt, G., Earles, J. M., Buckley, T. N., Love, D., Johnson, D. M., & Brodersen, C. (2022). The three-dimensional construction of leaves is coordinated with water use efficiency in conifers. New Phytologist, 233(2), 851–861. https://doi.org/10.1111/nph.17772","Trueba et al. 2022, New Phytol. 233:851-861; 31 conifer species, mainly Pinus spp.; facility proposal/ESAF: NA, check with C. Brodersen.; Leaves were scanned at the mid-section within 24 h of excision.",Pinus glabra leaf X-ray micro-CT images and segmentation masks (pine_pinus_glabra),,,not_started
pine_pinus_halepensis,Pinus halepensis leaf CT dataset (pine_pinus_halepensis),Pine & allies,Pinus halepensis,Aleppo Pine,Pinaceae,X-ray micro-CT,"X-ray μCT beamline (8.3.2) at the Advanced Light Source, Lawrence Berkeley National Laboratory","Berkeley, CA, United States",0.65,um,1414 x 1008,6,6,TIF,7,Background; Epidermis; Mesophyll; Resin_Duct; Air_Space; Transfusion_Tissue; Vascular_Bundle,Santiago Trueba,"AMAP Lab, University of Montpellier, IRD, Montpellier, France",santiago.trueba@ird.fr,10.1111/nph.17772,https://nph.onlinelibrary.wiley.com/doi/full/10.1111/nph.17772,"Trueba, S., Théroux-Rancourt, G., Earles, J. M., Buckley, T. N., Love, D., Johnson, D. M., & Brodersen, C. (2022). The three-dimensional construction of leaves is coordinated with water use efficiency in conifers. New Phytologist, 233(2), 851–861. https://doi.org/10.1111/nph.17772","Trueba et al. 2022, New Phytol. 233:851-861; 31 conifer species, mainly Pinus spp.; facility proposal/ESAF: NA, check with C. Brodersen.; Leaves were scanned at the mid-section within 24 h of excision.",Pinus halepensis leaf X-ray micro-CT images and segmentation masks (pine_pinus_halepensis),,,not_started
pine_pinus_jeffreyi1,Pinus jeffreyi leaf CT dataset (pine_pinus_jeffreyi1),Pine & allies,Pinus jeffreyi,Jeffrey Pine,Pinaceae,X-ray micro-CT,"X-ray μCT beamline (8.3.2) at the Advanced Light Source, Lawrence Berkeley National Laboratory","Berkeley, CA, United States",0.65,um,2175 x 1836,6,6,TIF,7,Background; Epidermis; Mesophyll; Resin_Duct; Air_Space; Transfusion_Tissue; Vascular_Bundle,Santiago Trueba,"AMAP Lab, University of Montpellier, IRD, Montpellier, France",santiago.trueba@ird.fr,10.1111/nph.17772,https://nph.onlinelibrary.wiley.com/doi/full/10.1111/nph.17772,"Trueba, S., Théroux-Rancourt, G., Earles, J. M., Buckley, T. N., Love, D., Johnson, D. M., & Brodersen, C. (2022). The three-dimensional construction of leaves is coordinated with water use efficiency in conifers. New Phytologist, 233(2), 851–861. https://doi.org/10.1111/nph.17772","Trueba et al. 2022, New Phytol. 233:851-861; 31 conifer species, mainly Pinus spp.; facility proposal/ESAF: NA, check with C. Brodersen.; Leaves were scanned at the mid-section within 24 h of excision.",Pinus jeffreyi leaf X-ray micro-CT images and segmentation masks (pine_pinus_jeffreyi1),,,not_started
pine_pinus_jeffreyi2,Pinus jeffreyi leaf CT dataset (pine_pinus_jeffreyi2),Pine & allies,Pinus jeffreyi,Jeffrey Pine,Pinaceae,X-ray micro-CT,"X-ray μCT beamline (8.3.2) at the Advanced Light Source, Lawrence Berkeley National Laboratory","Berkeley, CA, United States",0.65,um,2390 x 1690,6,6,TIF,7,Background; Epidermis; Mesophyll; Resin_Duct; Air_Space; Transfusion_Tissue; Vascular_Bundle,Santiago Trueba,"AMAP Lab, University of Montpellier, IRD, Montpellier, France",santiago.trueba@ird.fr,10.1111/nph.17772,https://nph.onlinelibrary.wiley.com/doi/full/10.1111/nph.17772,"Trueba, S., Théroux-Rancourt, G., Earles, J. M., Buckley, T. N., Love, D., Johnson, D. M., & Brodersen, C. (2022). The three-dimensional construction of leaves is coordinated with water use efficiency in conifers. New Phytologist, 233(2), 851–861. https://doi.org/10.1111/nph.17772","Trueba et al. 2022, New Phytol. 233:851-861; 31 conifer species, mainly Pinus spp.; facility proposal/ESAF: NA, check with C. Brodersen.; Leaves were scanned at the mid-section within 24 h of excision.",Pinus jeffreyi leaf X-ray micro-CT images and segmentation masks (pine_pinus_jeffreyi2),,,not_started
pine_pinus_kwangtungensis,Pinus kwangtungensis leaf CT dataset (pine_pinus_kwangtungensis),Pine & allies,Pinus kwangtungensis,Kwangtung Pine,Pinaceae,X-ray micro-CT,"X-ray μCT beamline (8.3.2) at the Advanced Light Source, Lawrence Berkeley National Laboratory","Berkeley, CA, United States",0.65,um,981 x 816,6,6,TIF,7,Background; Epidermis; Mesophyll; Resin_Duct; Air_Space; Transfusion_Tissue; Vascular_Bundle,Santiago Trueba,"AMAP Lab, University of Montpellier, IRD, Montpellier, France",santiago.trueba@ird.fr,10.1111/nph.17772,https://nph.onlinelibrary.wiley.com/doi/full/10.1111/nph.17772,"Trueba, S., Théroux-Rancourt, G., Earles, J. M., Buckley, T. N., Love, D., Johnson, D. M., & Brodersen, C. (2022). The three-dimensional construction of leaves is coordinated with water use efficiency in conifers. New Phytologist, 233(2), 851–861. https://doi.org/10.1111/nph.17772","Trueba et al. 2022, New Phytol. 233:851-861; 31 conifer species, mainly Pinus spp.; facility proposal/ESAF: NA, check with C. Brodersen.; Leaves were scanned at the mid-section within 24 h of excision.",Pinus kwangtungensis leaf X-ray micro-CT images and segmentation masks (pine_pinus_kwangtungensis),,,not_started
pine_pinus_monticola2,Pinus monticola leaf CT dataset (pine_pinus_monticola2),Pine & allies,Pinus monticola,Western White Pine,Pinaceae,X-ray micro-CT,"X-ray μCT beamline (8.3.2) at the Advanced Light Source, Lawrence Berkeley National Laboratory","Berkeley, CA, United States",0.65,um,1430 x 1222,6,6,TIF,7,Background; Epidermis; Mesophyll; Resin_Duct; Air_Space; Transfusion_Tissue; Vascular_Bundle,Santiago Trueba,"AMAP Lab, University of Montpellier, IRD, Montpellier, France",santiago.trueba@ird.fr,10.1111/nph.17772,https://nph.onlinelibrary.wiley.com/doi/full/10.1111/nph.17772,"Trueba, S., Théroux-Rancourt, G., Earles, J. M., Buckley, T. N., Love, D., Johnson, D. M., & Brodersen, C. (2022). The three-dimensional construction of leaves is coordinated with water use efficiency in conifers. New Phytologist, 233(2), 851–861. https://doi.org/10.1111/nph.17772","Trueba et al. 2022, New Phytol. 233:851-861; 31 conifer species, mainly Pinus spp.; facility proposal/ESAF: NA, check with C. Brodersen.; Leaves were scanned at the mid-section within 24 h of excision.",Pinus monticola leaf X-ray micro-CT images and segmentation masks (pine_pinus_monticola2),,,not_started
pine_pinus_monticola5,Pinus monticola leaf CT dataset (pine_pinus_monticola5),Pine & allies,Pinus monticola,Western White Pine,Pinaceae,X-ray micro-CT,"X-ray μCT beamline (8.3.2) at the Advanced Light Source, Lawrence Berkeley National Laboratory","Berkeley, CA, United States",0.65,um,622 x 642,5,5,TIF,7,Background; Epidermis; Mesophyll; Resin_Duct; Air_Space; Transfusion_Tissue; Vascular_Bundle,Santiago Trueba,"AMAP Lab, University of Montpellier, IRD, Montpellier, France",santiago.trueba@ird.fr,10.1111/nph.17772,https://nph.onlinelibrary.wiley.com/doi/full/10.1111/nph.17772,"Trueba, S., Théroux-Rancourt, G., Earles, J. M., Buckley, T. N., Love, D., Johnson, D. M., & Brodersen, C. (2022). The three-dimensional construction of leaves is coordinated with water use efficiency in conifers. New Phytologist, 233(2), 851–861. https://doi.org/10.1111/nph.17772","Trueba et al. 2022, New Phytol. 233:851-861; 31 conifer species, mainly Pinus spp.; facility proposal/ESAF: NA, check with C. Brodersen.; Leaves were scanned at the mid-section within 24 h of excision.",Pinus monticola leaf X-ray micro-CT images and segmentation masks (pine_pinus_monticola5),,,not_started
pine_pinus_nigra1,Pinus nigra leaf CT dataset (pine_pinus_nigra1),Pine & allies,Pinus nigra,Austrian Pine,Pinaceae,X-ray micro-CT,"X-ray μCT beamline (8.3.2) at the Advanced Light Source, Lawrence Berkeley National Laboratory","Berkeley, CA, United States",0.65,um,2132 x 1532,5,5,TIF,7,Background; Epidermis; Mesophyll; Resin_Duct; Air_Space; Transfusion_Tissue; Vascular_Bundle,Santiago Trueba,"AMAP Lab, University of Montpellier, IRD, Montpellier, France",santiago.trueba@ird.fr,10.1111/nph.17772,https://nph.onlinelibrary.wiley.com/doi/full/10.1111/nph.17772,"Trueba, S., Théroux-Rancourt, G., Earles, J. M., Buckley, T. N., Love, D., Johnson, D. M., & Brodersen, C. (2022). The three-dimensional construction of leaves is coordinated with water use efficiency in conifers. New Phytologist, 233(2), 851–861. https://doi.org/10.1111/nph.17772","Trueba et al. 2022, New Phytol. 233:851-861; 31 conifer species, mainly Pinus spp.; facility proposal/ESAF: NA, check with C. Brodersen.; Leaves were scanned at the mid-section within 24 h of excision.",Pinus nigra leaf X-ray micro-CT images and segmentation masks (pine_pinus_nigra1),,,not_started
pine_pinus_nigra2,Pinus nigra leaf CT dataset (pine_pinus_nigra2),Pine & allies,Pinus nigra,Austrian Pine,Pinaceae,X-ray micro-CT,"X-ray μCT beamline (8.3.2) at the Advanced Light Source, Lawrence Berkeley National Laboratory","Berkeley, CA, United States",0.65,um,2144 x 1548,6,6,TIF,7,Background; Epidermis; Mesophyll; Resin_Duct; Air_Space; Transfusion_Tissue; Vascular_Bundle,Santiago Trueba,"AMAP Lab, University of Montpellier, IRD, Montpellier, France",santiago.trueba@ird.fr,10.1111/nph.17772,https://nph.onlinelibrary.wiley.com/doi/full/10.1111/nph.17772,"Trueba, S., Théroux-Rancourt, G., Earles, J. M., Buckley, T. N., Love, D., Johnson, D. M., & Brodersen, C. (2022). The three-dimensional construction of leaves is coordinated with water use efficiency in conifers. New Phytologist, 233(2), 851–861. https://doi.org/10.1111/nph.17772","Trueba et al. 2022, New Phytol. 233:851-861; 31 conifer species, mainly Pinus spp.; facility proposal/ESAF: NA, check with C. Brodersen.; Leaves were scanned at the mid-section within 24 h of excision.",Pinus nigra leaf X-ray micro-CT images and segmentation masks (pine_pinus_nigra2),,,not_started
pine_pinus_palustris,Pinus palustris leaf CT dataset (pine_pinus_palustris),Pine & allies,Pinus palustris,Longleaf Pine,Pinaceae,X-ray micro-CT,"X-ray μCT beamline (8.3.2) at the Advanced Light Source, Lawrence Berkeley National Laboratory","Berkeley, CA, United States",0.65,um,2032 x 1406,6,6,TIF,7,Background; Epidermis; Mesophyll; Resin_Duct; Air_Space; Transfusion_Tissue; Vascular_Bundle,Santiago Trueba,"AMAP Lab, University of Montpellier, IRD, Montpellier, France",santiago.trueba@ird.fr,10.1111/nph.17772,https://nph.onlinelibrary.wiley.com/doi/full/10.1111/nph.17772,"Trueba, S., Théroux-Rancourt, G., Earles, J. M., Buckley, T. N., Love, D., Johnson, D. M., & Brodersen, C. (2022). The three-dimensional construction of leaves is coordinated with water use efficiency in conifers. New Phytologist, 233(2), 851–861. https://doi.org/10.1111/nph.17772","Trueba et al. 2022, New Phytol. 233:851-861; 31 conifer species, mainly Pinus spp.; facility proposal/ESAF: NA, check with C. Brodersen.; Leaves were scanned at the mid-section within 24 h of excision.",Pinus palustris leaf X-ray micro-CT images and segmentation masks (pine_pinus_palustris),,,not_started
pine_pinus_pinaster,Pinus pinaster leaf CT dataset (pine_pinus_pinaster),Pine & allies,Pinus pinaster,Maritime Pine,Pinaceae,X-ray micro-CT,"X-ray μCT beamline (8.3.2) at the Advanced Light Source, Lawrence Berkeley National Laboratory","Berkeley, CA, United States",0.65,um,2234 x 1602,6,6,TIF,7,Background; Epidermis; Mesophyll; Resin_Duct; Air_Space; Transfusion_Tissue; Vascular_Bundle,Santiago Trueba,"AMAP Lab, University of Montpellier, IRD, Montpellier, France",santiago.trueba@ird.fr,10.1111/nph.17772,https://nph.onlinelibrary.wiley.com/doi/full/10.1111/nph.17772,"Trueba, S., Théroux-Rancourt, G., Earles, J. M., Buckley, T. N., Love, D., Johnson, D. M., & Brodersen, C. (2022). The three-dimensional construction of leaves is coordinated with water use efficiency in conifers. New Phytologist, 233(2), 851–861. https://doi.org/10.1111/nph.17772","Trueba et al. 2022, New Phytol. 233:851-861; 31 conifer species, mainly Pinus spp.; facility proposal/ESAF: NA, check with C. Brodersen.; Leaves were scanned at the mid-section within 24 h of excision.",Pinus pinaster leaf X-ray micro-CT images and segmentation masks (pine_pinus_pinaster),,,not_started
pine_pinus_pinea,Pinus pinea leaf CT dataset (pine_pinus_pinea),Pine & allies,Pinus pinea,Stone Pine,Pinaceae,X-ray micro-CT,"X-ray μCT beamline (8.3.2) at the Advanced Light Source, Lawrence Berkeley National Laboratory","Berkeley, CA, United States",0.65,um,2498 x 1754,5,5,TIF,6,Background; Epidermis; Mesophyll; Air_Space; Transfusion_Tissue; Vascular_Bundle,Santiago Trueba,"AMAP Lab, University of Montpellier, IRD, Montpellier, France",santiago.trueba@ird.fr,10.1111/nph.17772,https://nph.onlinelibrary.wiley.com/doi/full/10.1111/nph.17772,"Trueba, S., Théroux-Rancourt, G., Earles, J. M., Buckley, T. N., Love, D., Johnson, D. M., & Brodersen, C. (2022). The three-dimensional construction of leaves is coordinated with water use efficiency in conifers. New Phytologist, 233(2), 851–861. https://doi.org/10.1111/nph.17772","Trueba et al. 2022, New Phytol. 233:851-861; 31 conifer species, mainly Pinus spp.; facility proposal/ESAF: NA, check with C. Brodersen.; Leaves were scanned at the mid-section within 24 h of excision.",Pinus pinea leaf X-ray micro-CT images and segmentation masks (pine_pinus_pinea),,,not_started
pine_pinus_ponderosa,Pinus ponderosa leaf CT dataset (pine_pinus_ponderosa),Pine & allies,Pinus ponderosa,Ponderosa Pine,Pinaceae,X-ray micro-CT,"X-ray μCT beamline (8.3.2) at the Advanced Light Source, Lawrence Berkeley National Laboratory","Berkeley, CA, United States",0.65,um,2154 x 1857,6,6,TIF,7,Background; Epidermis; Mesophyll; Resin_Duct; Air_Space; Transfusion_Tissue; Vascular_Bundle,Santiago Trueba,"AMAP Lab, University of Montpellier, IRD, Montpellier, France",santiago.trueba@ird.fr,10.1111/nph.17772,https://nph.onlinelibrary.wiley.com/doi/full/10.1111/nph.17772,"Trueba, S., Théroux-Rancourt, G., Earles, J. M., Buckley, T. N., Love, D., Johnson, D. M., & Brodersen, C. (2022). The three-dimensional construction of leaves is coordinated with water use efficiency in conifers. New Phytologist, 233(2), 851–861. https://doi.org/10.1111/nph.17772","Trueba et al. 2022, New Phytol. 233:851-861; 31 conifer species, mainly Pinus spp.; facility proposal/ESAF: NA, check with C. Brodersen.; Leaves were scanned at the mid-section within 24 h of excision.",Pinus ponderosa leaf X-ray micro-CT images and segmentation masks (pine_pinus_ponderosa),,,not_started
pine_pinus_pungens1,Pinus pungens leaf CT dataset (pine_pinus_pungens1),Pine & allies,Pinus pungens,Table Mountain Pine,Pinaceae,X-ray micro-CT,"X-ray μCT beamline (8.3.2) at the Advanced Light Source, Lawrence Berkeley National Laboratory","Berkeley, CA, United States",0.65,um,2176 x 1328,6,6,TIF,7,Background; Epidermis; Mesophyll; Resin_Duct; Air_Space; Transfusion_Tissue; Vascular_Bundle,Santiago Trueba,"AMAP Lab, University of Montpellier, IRD, Montpellier, France",santiago.trueba@ird.fr,10.1111/nph.17772,https://nph.onlinelibrary.wiley.com/doi/full/10.1111/nph.17772,"Trueba, S., Théroux-Rancourt, G., Earles, J. M., Buckley, T. N., Love, D., Johnson, D. M., & Brodersen, C. (2022). The three-dimensional construction of leaves is coordinated with water use efficiency in conifers. New Phytologist, 233(2), 851–861. https://doi.org/10.1111/nph.17772","Trueba et al. 2022, New Phytol. 233:851-861; 31 conifer species, mainly Pinus spp.; facility proposal/ESAF: NA, check with C. Brodersen.; Leaves were scanned at the mid-section within 24 h of excision.",Pinus pungens leaf X-ray micro-CT images and segmentation masks (pine_pinus_pungens1),,,not_started
pine_pinus_pungens2,Pinus pungens leaf CT dataset (pine_pinus_pungens2),Pine & allies,Pinus pungens,Table Mountain Pine,Pinaceae,X-ray micro-CT,"X-ray μCT beamline (8.3.2) at the Advanced Light Source, Lawrence Berkeley National Laboratory","Berkeley, CA, United States",0.65,um,2300 x 1598,6,6,TIF,7,Background; Epidermis; Mesophyll; Resin_Duct; Air_Space; Transfusion_Tissue; Vascular_Bundle,Santiago Trueba,"AMAP Lab, University of Montpellier, IRD, Montpellier, France",santiago.trueba@ird.fr,10.1111/nph.17772,https://nph.onlinelibrary.wiley.com/doi/full/10.1111/nph.17772,"Trueba, S., Théroux-Rancourt, G., Earles, J. M., Buckley, T. N., Love, D., Johnson, D. M., & Brodersen, C. (2022). The three-dimensional construction of leaves is coordinated with water use efficiency in conifers. New Phytologist, 233(2), 851–861. https://doi.org/10.1111/nph.17772","Trueba et al. 2022, New Phytol. 233:851-861; 31 conifer species, mainly Pinus spp.; facility proposal/ESAF: NA, check with C. Brodersen.; Leaves were scanned at the mid-section within 24 h of excision.",Pinus pungens leaf X-ray micro-CT images and segmentation masks (pine_pinus_pungens2),,,not_started
pine_pinus_rigida1,Pinus rigida leaf CT dataset (pine_pinus_rigida1),Pine & allies,Pinus rigida,Pitch Pine,Pinaceae,X-ray micro-CT,"X-ray μCT beamline (8.3.2) at the Advanced Light Source, Lawrence Berkeley National Laboratory","Berkeley, CA, United States",0.65,um,2124 x 1232,6,6,TIF,7,Background; Epidermis; Mesophyll; Resin_Duct; Air_Space; Transfusion_Tissue; Vascular_Bundle,Santiago Trueba,"AMAP Lab, University of Montpellier, IRD, Montpellier, France",santiago.trueba@ird.fr,10.1111/nph.17772,https://nph.onlinelibrary.wiley.com/doi/full/10.1111/nph.17772,"Trueba, S., Théroux-Rancourt, G., Earles, J. M., Buckley, T. N., Love, D., Johnson, D. M., & Brodersen, C. (2022). The three-dimensional construction of leaves is coordinated with water use efficiency in conifers. New Phytologist, 233(2), 851–861. https://doi.org/10.1111/nph.17772","Trueba et al. 2022, New Phytol. 233:851-861; 31 conifer species, mainly Pinus spp.; facility proposal/ESAF: NA, check with C. Brodersen.; Leaves were scanned at the mid-section within 24 h of excision.",Pinus rigida leaf X-ray micro-CT images and segmentation masks (pine_pinus_rigida1),,,not_started
pine_pinus_rigida2,Pinus rigida leaf CT dataset (pine_pinus_rigida2),Pine & allies,Pinus rigida,Pitch Pine,Pinaceae,X-ray micro-CT,"X-ray μCT beamline (8.3.2) at the Advanced Light Source, Lawrence Berkeley National Laboratory","Berkeley, CA, United States",0.65,um,698 x 486,6,6,TIF,7,Background; Epidermis; Mesophyll; Resin_Duct; Air_Space; Transfusion_Tissue; Vascular_Bundle,Santiago Trueba,"AMAP Lab, University of Montpellier, IRD, Montpellier, France",santiago.trueba@ird.fr,10.1111/nph.17772,https://nph.onlinelibrary.wiley.com/doi/full/10.1111/nph.17772,"Trueba, S., Théroux-Rancourt, G., Earles, J. M., Buckley, T. N., Love, D., Johnson, D. M., & Brodersen, C. (2022). The three-dimensional construction of leaves is coordinated with water use efficiency in conifers. New Phytologist, 233(2), 851–861. https://doi.org/10.1111/nph.17772","Trueba et al. 2022, New Phytol. 233:851-861; 31 conifer species, mainly Pinus spp.; facility proposal/ESAF: NA, check with C. Brodersen.; Leaves were scanned at the mid-section within 24 h of excision.",Pinus rigida leaf X-ray micro-CT images and segmentation masks (pine_pinus_rigida2),,,not_started
pine_pinus_sabiniana,Pinus sabiniana leaf CT dataset (pine_pinus_sabiniana),Pine & allies,Pinus sabiniana,Gray Pine,Pinaceae,X-ray micro-CT,"X-ray μCT beamline (8.3.2) at the Advanced Light Source, Lawrence Berkeley National Laboratory","Berkeley, CA, United States",0.65,um,724 x 435,6,6,TIF,7,Background; Epidermis; Mesophyll; Resin_Duct; Air_Space; Transfusion_Tissue; Vascular_Bundle,Santiago Trueba,"AMAP Lab, University of Montpellier, IRD, Montpellier, France",santiago.trueba@ird.fr,10.1111/nph.17772,https://nph.onlinelibrary.wiley.com/doi/full/10.1111/nph.17772,"Trueba, S., Théroux-Rancourt, G., Earles, J. M., Buckley, T. N., Love, D., Johnson, D. M., & Brodersen, C. (2022). The three-dimensional construction of leaves is coordinated with water use efficiency in conifers. New Phytologist, 233(2), 851–861. https://doi.org/10.1111/nph.17772","Trueba et al. 2022, New Phytol. 233:851-861; 31 conifer species, mainly Pinus spp.; facility proposal/ESAF: NA, check with C. Brodersen.; Leaves were scanned at the mid-section within 24 h of excision.",Pinus sabiniana leaf X-ray micro-CT images and segmentation masks (pine_pinus_sabiniana),,,not_started
pine_pinus_serotina,Pinus serotina leaf CT dataset (pine_pinus_serotina),Pine & allies,Pinus serotina,Pond Pine,Pinaceae,X-ray micro-CT,"X-ray μCT beamline (8.3.2) at the Advanced Light Source, Lawrence Berkeley National Laboratory","Berkeley, CA, United States",0.65,um,571 x 420,5,5,TIF,7,Background; Epidermis; Mesophyll; Resin_Duct; Air_Space; Transfusion_Tissue; Vascular_Bundle,Santiago Trueba,"AMAP Lab, University of Montpellier, IRD, Montpellier, France",santiago.trueba@ird.fr,10.1111/nph.17772,https://nph.onlinelibrary.wiley.com/doi/full/10.1111/nph.17772,"Trueba, S., Théroux-Rancourt, G., Earles, J. M., Buckley, T. N., Love, D., Johnson, D. M., & Brodersen, C. (2022). The three-dimensional construction of leaves is coordinated with water use efficiency in conifers. New Phytologist, 233(2), 851–861. https://doi.org/10.1111/nph.17772","Trueba et al. 2022, New Phytol. 233:851-861; 31 conifer species, mainly Pinus spp.; facility proposal/ESAF: NA, check with C. Brodersen.; Leaves were scanned at the mid-section within 24 h of excision.",Pinus serotina leaf X-ray micro-CT images and segmentation masks (pine_pinus_serotina),,,not_started
pine_pinus_thunbergii,Pinus thunbergii leaf CT dataset (pine_pinus_thunbergii),Pine & allies,Pinus thunbergii,Japanese Black Pine,Pinaceae,X-ray micro-CT,"X-ray μCT beamline (8.3.2) at the Advanced Light Source, Lawrence Berkeley National Laboratory","Berkeley, CA, United States",0.65,um,990 x 675,6,6,TIF,7,Background; Epidermis; Mesophyll; Resin_Duct; Air_Space; Transfusion_Tissue; Vascular_Bundle,Santiago Trueba,"AMAP Lab, University of Montpellier, IRD, Montpellier, France",santiago.trueba@ird.fr,10.1111/nph.17772,https://nph.onlinelibrary.wiley.com/doi/full/10.1111/nph.17772,"Trueba, S., Théroux-Rancourt, G., Earles, J. M., Buckley, T. N., Love, D., Johnson, D. M., & Brodersen, C. (2022). The three-dimensional construction of leaves is coordinated with water use efficiency in conifers. New Phytologist, 233(2), 851–861. https://doi.org/10.1111/nph.17772","Trueba et al. 2022, New Phytol. 233:851-861; 31 conifer species, mainly Pinus spp.; facility proposal/ESAF: NA, check with C. Brodersen.; Leaves were scanned at the mid-section within 24 h of excision.",Pinus thunbergii leaf X-ray micro-CT images and segmentation masks (pine_pinus_thunbergii),,,not_started
pine_pinus_virginiana,Pinus virginiana leaf CT dataset (pine_pinus_virginiana),Pine & allies,Pinus virginiana,Virginia Pine,Pinaceae,X-ray micro-CT,"X-ray μCT beamline (8.3.2) at the Advanced Light Source, Lawrence Berkeley National Laboratory","Berkeley, CA, United States",0.65,um,1164 x 657,3,3,TIF,7,Background; Epidermis; Mesophyll; Resin_Duct; Air_Space; Transfusion_Tissue; Vascular_Bundle,Santiago Trueba,"AMAP Lab, University of Montpellier, IRD, Montpellier, France",santiago.trueba@ird.fr,10.1111/nph.17772,https://nph.onlinelibrary.wiley.com/doi/full/10.1111/nph.17772,"Trueba, S., Théroux-Rancourt, G., Earles, J. M., Buckley, T. N., Love, D., Johnson, D. M., & Brodersen, C. (2022). The three-dimensional construction of leaves is coordinated with water use efficiency in conifers. New Phytologist, 233(2), 851–861. https://doi.org/10.1111/nph.17772","Trueba et al. 2022, New Phytol. 233:851-861; 31 conifer species, mainly Pinus spp.; facility proposal/ESAF: NA, check with C. Brodersen.; Leaves were scanned at the mid-section within 24 h of excision.",Pinus virginiana leaf X-ray micro-CT images and segmentation masks (pine_pinus_virginiana),,,not_started
pine_tsuga_mertensiana,Tsuga mertensiana leaf CT dataset (pine_tsuga_mertensiana),Pine & allies,Tsuga mertensiana,Mountain Hemlock,Pinaceae,X-ray micro-CT,"X-ray μCT beamline (8.3.2) at the Advanced Light Source, Lawrence Berkeley National Laboratory","Berkeley, CA, United States",0.65,um,837 x 703,4,4,TIF,6,Background; Epidermis; Mesophyll; Air_Space; Transfusion_Tissue; Vascular_Bundle,Santiago Trueba,"AMAP Lab, University of Montpellier, IRD, Montpellier, France",santiago.trueba@ird.fr,10.1111/nph.17772,https://nph.onlinelibrary.wiley.com/doi/full/10.1111/nph.17772,"Trueba, S., Théroux-Rancourt, G., Earles, J. M., Buckley, T. N., Love, D., Johnson, D. M., & Brodersen, C. (2022). The three-dimensional construction of leaves is coordinated with water use efficiency in conifers. New Phytologist, 233(2), 851–861. https://doi.org/10.1111/nph.17772","Trueba et al. 2022, New Phytol. 233:851-861; 31 conifer species, mainly Pinus spp.; facility proposal/ESAF: NA, check with C. Brodersen.; Leaves were scanned at the mid-section within 24 h of excision.",Tsuga mertensiana leaf X-ray micro-CT images and segmentation masks (pine_tsuga_mertensiana),,,not_started
pistachio,Pistacia vera leaf CT dataset (pistachio),Pistachio,Pistacia vera,Pistachio,Anacardiaceae,X-ray micro-CT,"X-ray μCT beamline (8.3.2) at the Advanced Light Source, Lawrence Berkeley National Laboratory","Berkeley, CA, United States",,um,1670 x 650,24,24,TIF,7,Background; Adaxial_Epidermis; Abaxial_Epidermis; Bundle_Sheath; Vascular_Tissue; Mesophyll; Air_Space,Mina Momayyezi,"Department of Plant Sciences, University of California, Davis, Davis, CA, United States",mmomayyezi@ucdavis.edu,,,,value 95: Epidermis; Leaves were scanned at the mid-section within 24 h of excision.,Pistacia vera leaf X-ray micro-CT images and segmentation masks (pistachio),,,not_started
pistachio_control,Pistacia vera control leaf CT dataset (pistachio_control),Pistachio,Pistacia vera,Pistachio,Anacardiaceae,X-ray micro-CT,"X-ray μCT beamline (8.3.2) at the Advanced Light Source, Lawrence Berkeley National Laboratory","Berkeley, CA, United States",,um,1672 x 702,30,30,TIF,7,Background; Adaxial_Epidermis; Abaxial_Epidermis; Bundle_Sheath; Vascular_Tissue; Mesophyll; Air_Space,Mina Momayyezi,"Department of Plant Sciences, University of California, Davis, Davis, CA, United States",mmomayyezi@ucdavis.edu,,,,encoding: Devin standard (no value 55 — mesophyll is 0 only); Leaves were scanned at the mid-section within 24 h of excision.,Pistacia vera leaf X-ray micro-CT images and segmentation masks (pistachio_control),,,not_started
pistachio_drought,Pistacia vera drought leaf CT dataset (pistachio_drought),Pistachio,Pistacia vera,Pistachio,Anacardiaceae,X-ray micro-CT,"X-ray μCT beamline (8.3.2) at the Advanced Light Source, Lawrence Berkeley National Laboratory","Berkeley, CA, United States",,um,1240 x 656,30,30,TIF,7,Background; Adaxial_Epidermis; Abaxial_Epidermis; Bundle_Sheath; Vascular_Tissue; Mesophyll; Air_Space,Mina Momayyezi,"Department of Plant Sciences, University of California, Davis, Davis, CA, United States",mmomayyezi@ucdavis.edu,,,,encoding: Devin standard (no value 55 — mesophyll is 0 only); Leaves were scanned at the mid-section within 24 h of excision.,Pistacia vera leaf X-ray micro-CT images and segmentation masks (pistachio_drought),,,not_started
pleopeltis_guttata,Pleopeltis guttata leaf CT dataset (pleopeltis_guttata),Pleopeltis,Pleopeltis guttata,Pleopeltis,Polypodiaceae,X-ray micro-CT,"X-ray μCT beamline (8.3.2) at the Advanced Light Source, Lawrence Berkeley National Laboratory","Berkeley, CA, United States",,um,1280 x 864,8,8,TIF,6,Background; Epidermis; Bundle_Sheath; Vascular_Tissue; Mesophyll; Air_Space,Guillaume Théroux-Rancourt,"Institute of Agricultural and Environmental Sciences, Estonian University of Life Sciences, Tartu, Estonia",gtrancourt@gmail.com,,,,"Specimen: 20180428_200322_Pguttata96_1176, UC Berkeley Botanical Garden, catalog 96_1176, scanned 2018. Fern (frond, not a true leaf botanically; tissue_or_anatomical_region recorded as Leaf to match site convention). Annotation proposal via Guillaume Théroux-Rancourt; related to Théroux-Rancourt et al. 2021, Proceedings B of the Royal Society (https://royalsocietypublishing.org/doi/10.1098/rspb.2020.3145). Value 152 = Bundle Sheath Extensions, value 128 = Vein, both mapped to Vascular_Region (class 2).",Pleopeltis guttata leaf X-ray micro-CT images and segmentation masks (pleopeltis_guttata),,,not_started
poplar_1,Populus sp. leaf CT dataset (poplar_1),Poplar,Populus sp.,Poplar,Salicaceae,X-ray micro-CT,"X-ray μCT, 10× objective, Biomedical Imaging and Therapy – Bending Magnet beamline (BMIT-BM 05B1), Canadian Light Source","Saskatoon, SK, Canada",0.72,um,1548 x 474,6,6,TIF,8,Background; Adaxial_Epidermis; Abaxial_Epidermis; Bundle_Sheath; Vascular_Tissue; Palisade_Mesophyll; Spongy_Mesophyll; Air_Space,"Thorsten Knipfer, Mina Momayyezi","Faculty of Land and Food Systems, University of British Columbia, Vancouver, BC, Canada; Department of Viticulture and Enology, University of California, Davis, CA, USA",thorsten.knipfer@ubc.ca,10.1111/nph.20240,https://doi.org/10.1111/nph.20240,"Momayyezi, M., Chu, C., Stobbs, J. A., Soolanayakanahally, R. Y., Guy, R. D., McElrone, A. J., & Knipfer, T. (2025). Mapping of drought-induced changes in tissue characteristics across the leaf profile of Populus balsamifera. New Phytologist, 245(2), 534-545. https://doi.org/10.1111/nph.20240","Devin-standard 8-class encoding collapsed to 5 base classes. Scans from the Canadian Light Source (CLS) collaboration between Thorsten Knipfer and Mina Momayyezi. Co-authorship note: per Knipfer's email correspondence, if these scans are included in a manuscript dataset he should be added as a co-author.",Populus sp. leaf X-ray micro-CT images and segmentation masks (poplar_1),,,not_started
poplar_2,Populus sp. leaf CT dataset (poplar_2),Poplar,Populus sp.,Poplar,Salicaceae,X-ray micro-CT,"X-ray μCT, 10× objective, Biomedical Imaging and Therapy – Bending Magnet beamline (BMIT-BM 05B1), Canadian Light Source","Saskatoon, SK, Canada",0.72,um,2340 x 410,6,6,TIF,7,Background; Adaxial_Epidermis; Abaxial_Epidermis; Bundle_Sheath; Vascular_Tissue; Mesophyll; Air_Space,"Thorsten Knipfer, Mina Momayyezi","Faculty of Land and Food Systems, University of British Columbia, Vancouver, BC, Canada; Department of Viticulture and Enology, University of California, Davis, CA, USA",thorsten.knipfer@ubc.ca,10.1111/nph.20240,https://doi.org/10.1111/nph.20240,"Momayyezi, M., Chu, C., Stobbs, J. A., Soolanayakanahally, R. Y., Guy, R. D., McElrone, A. J., & Knipfer, T. (2025). Mapping of drought-induced changes in tissue characteristics across the leaf profile of Populus balsamifera. New Phytologist, 245(2), 534-545. https://doi.org/10.1111/nph.20240","Specimen poplar_b4f_3gil. Devin-standard encoding, collapsed from full 8-class scheme; this specimen's mesophyll was annotated as a single undifferentiated class (value 0), not split into palisade/spongy. Scans from the CLS collaboration between Thorsten Knipfer and Mina Momayyezi. Co-authorship note: per Knipfer's email correspondence, if these scans are included in a manuscript dataset he should be added as a co-author.",Populus sp. leaf X-ray micro-CT images and segmentation masks (poplar_2),,,not_started
poplar_3,Populus sp. leaf CT dataset (poplar_3),Poplar,Populus sp.,Poplar,Salicaceae,X-ray micro-CT,"X-ray μCT, 10× objective, Biomedical Imaging and Therapy – Bending Magnet beamline (BMIT-BM 05B1), Canadian Light Source","Saskatoon, SK, Canada",0.72,um,2034 x 408,6,6,TIF,7,Background; Adaxial_Epidermis; Abaxial_Epidermis; Bundle_Sheath; Vascular_Tissue; Mesophyll; Air_Space,"Thorsten Knipfer, Mina Momayyezi","Faculty of Land and Food Systems, University of British Columbia, Vancouver, BC, Canada; Department of Viticulture and Enology, University of California, Davis, CA, USA",thorsten.knipfer@ubc.ca,10.1111/nph.20240,https://doi.org/10.1111/nph.20240,"Momayyezi, M., Chu, C., Stobbs, J. A., Soolanayakanahally, R. Y., Guy, R. D., McElrone, A. J., & Knipfer, T. (2025). Mapping of drought-induced changes in tissue characteristics across the leaf profile of Populus balsamifera. New Phytologist, 245(2), 534-545. https://doi.org/10.1111/nph.20240","Specimen poplar_b4t_2car. Distinct 7-value mask encoding (not Devin-standard): 100/130 = adaxial/abaxial epidermis, 75/220 = bundle sheath/vascular tissue, 0 = mesophyll, 255 = air space; values user-confirmed against mask geometry, not a written legend. Image size 2034x408. Scans from the CLS collaboration between Thorsten Knipfer and Mina Momayyezi. Co-authorship note: per Knipfer's email correspondence, if these scans are included in a manuscript dataset he should be added as a co-author.",Populus sp. leaf X-ray micro-CT images and segmentation masks (poplar_3),,,not_started
poplar_4,Populus sp. leaf CT dataset (poplar_4),Poplar,Populus sp.,Poplar,Salicaceae,X-ray micro-CT,"X-ray μCT, 10× objective, Biomedical Imaging and Therapy – Bending Magnet beamline (BMIT-BM 05B1), Canadian Light Source","Saskatoon, SK, Canada",0.72,um,1011 x 318,6,6,TIF,7,Background; Adaxial_Epidermis; Abaxial_Epidermis; Bundle_Sheath; Vascular_Tissue; Mesophyll; Air_Space,"Thorsten Knipfer, Mina Momayyezi","Faculty of Land and Food Systems, University of British Columbia, Vancouver, BC, Canada; Department of Viticulture and Enology, University of California, Davis, CA, USA",thorsten.knipfer@ubc.ca,10.1111/nph.20240,https://doi.org/10.1111/nph.20240,"Momayyezi, M., Chu, C., Stobbs, J. A., Soolanayakanahally, R. Y., Guy, R. D., McElrone, A. J., & Knipfer, T. (2025). Mapping of drought-induced changes in tissue characteristics across the leaf profile of Populus balsamifera. New Phytologist, 245(2), 534-545. https://doi.org/10.1111/nph.20240","Specimen poplar_b5d_2car. Same 7-value encoding as poplar_3 (100/130/75/220/0/255). Masks converted from palette-indexed (P mode) to plain 8-bit grayscale (L mode) via PIL; original palette-indexed files kept in masks/.bak_palette_originals (not imported to the site). Image size 1011x318. Scans from the CLS collaboration between Thorsten Knipfer and Mina Momayyezi. Co-authorship note: per Knipfer's email correspondence, if these scans are included in a manuscript dataset he should be added as a co-author.",Populus sp. leaf X-ray micro-CT images and segmentation masks (poplar_4),,,not_started
poplar_5,Populus sp. leaf CT dataset (poplar_5),Poplar,Populus sp.,Poplar,Salicaceae,X-ray micro-CT,"X-ray μCT, 10× objective, Biomedical Imaging and Therapy – Bending Magnet beamline (BMIT-BM 05B1), Canadian Light Source","Saskatoon, SK, Canada",0.72,um,1779 x 369,24,24,TIF,7,Background; Adaxial_Epidermis; Abaxial_Epidermis; Bundle_Sheath; Vascular_Tissue; Mesophyll; Air_Space,"Thorsten Knipfer, Mina Momayyezi","Faculty of Land and Food Systems, University of British Columbia, Vancouver, BC, Canada; Department of Viticulture and Enology, University of California, Davis, CA, USA",thorsten.knipfer@ubc.ca,10.1111/nph.20240,https://doi.org/10.1111/nph.20240,"Momayyezi, M., Chu, C., Stobbs, J. A., Soolanayakanahally, R. Y., Guy, R. D., McElrone, A. J., & Knipfer, T. (2025). Mapping of drought-induced changes in tissue characteristics across the leaf profile of Populus balsamifera. New Phytologist, 245(2), 534-545. https://doi.org/10.1111/nph.20240","Specimen poplar_b5t_5car. Same 7-value encoding as poplar_3/poplar_4. 24 slices across 4 distinct image sizes (673x312, 1188x330, 1362x375, 1779x369; 6 slices each), likely multiple sub-samples/crops grouped under one specimen folder — the site's auto-detected image size reflects only the first slice. Scans from the CLS collaboration between Thorsten Knipfer and Mina Momayyezi. Co-authorship note: per Knipfer's email correspondence, if these scans are included in a manuscript dataset he should be added as a co-author.",Populus sp. leaf X-ray micro-CT images and segmentation masks (poplar_5),,,not_started
tomato,Solanum lycopersicum leaf CT dataset (tomato),Tomato,Solanum lycopersicum,Tomato,Solanaceae,X-ray micro-CT,"X-ray μCT beamline (8.3.2) at the Advanced Light Source, Lawrence Berkeley National Laboratory","Berkeley, CA, United States",0.65,um,2560 x 2560,42,42,TIF,5,Background; Epidermis; Vascular_Region; Mesophyll; Air_Space,Christopher D. Muir,"Department of Botany, University of Wisconsin, Madison, WI, United States",cdmuir@wisc.edu,,,,Devin Fowler annotation; same encoding as grape/oak/olive; Leaves were scanned at the mid-section within 24 h of excision.,Solanum lycopersicum leaf X-ray micro-CT images and segmentation masks (tomato),,,not_started
v_carlsii,Viburnum carlsii leaf CT dataset (v_carlsii),Viburnum,Viburnum carlsii,Koreanspice Viburnum,Adoxaceae,X-ray micro-CT,"X-ray μCT beamline (8.3.2), 10× objective, at the Advanced Light Source, Lawrence Berkeley National Laboratory","Berkeley, CA, United States",0.642,um,2364 x 750,6,6,TIF,5,Background; Epidermis; Vascular_Region; Mesophyll; Air_Space,Aleca M. Borsuk,"Laboratory for Integrative Biodiversity Research, The New York Botanical Garden, Bronx, NY, United States",aborsuk@nybg.org,10.1093/plphys/kiae659,https://doi.org/10.1093/plphys/kiae659,"Borsuk, A. M., Randall, J. M., Richburg, J., Montes, K. G., Edwards, E. J., & Brodersen, C. R. (2025). Palisade cell geometry in relation to leaf optical and photosynthetic properties in Viburnum. Plant Physiology, 198(4). https://doi.org/10.1093/plphys/kiae659",A. Brunner annotation; Leaves were scanned at the mid-section within 24 h of excision.,Viburnum carlsii leaf X-ray micro-CT images and segmentation masks (v_carlsii),,,not_started
v_cinnamo,Viburnum cinnamomifolium leaf CT dataset (v_cinnamo),Viburnum,Viburnum cinnamomifolium,Cinnamon-leaf Viburnum,Adoxaceae,X-ray micro-CT,"X-ray μCT beamline (8.3.2), 10× objective, at the Advanced Light Source, Lawrence Berkeley National Laboratory","Berkeley, CA, United States",0.642,um,2080 x 622,6,6,TIF,5,Background; Epidermis; Vascular_Region; Mesophyll; Air_Space,Aleca M. Borsuk,"Laboratory for Integrative Biodiversity Research, The New York Botanical Garden, Bronx, NY, United States",aborsuk@nybg.org,10.1093/plphys/kiae659,https://doi.org/10.1093/plphys/kiae659,"Borsuk, A. M., Randall, J. M., Richburg, J., Montes, K. G., Edwards, E. J., & Brodersen, C. R. (2025). Palisade cell geometry in relation to leaf optical and photosynthetic properties in Viburnum. Plant Physiology, 198(4). https://doi.org/10.1093/plphys/kiae659",mask mode: P (palette-indexed); Leaves were scanned at the mid-section within 24 h of excision.,Viburnum cinnamomifolium leaf X-ray micro-CT images and segmentation masks (v_cinnamo),,,not_started
v_davidii,Viburnum davidii leaf CT dataset (v_davidii),Viburnum,Viburnum davidii,David Viburnum,Adoxaceae,X-ray micro-CT,"X-ray μCT beamline (8.3.2), 10× objective, at the Advanced Light Source, Lawrence Berkeley National Laboratory","Berkeley, CA, United States",0.642,um,2397 x 729,6,6,TIF,5,Background; Epidermis; Vascular_Region; Mesophyll; Air_Space,Aleca M. Borsuk,"Laboratory for Integrative Biodiversity Research, The New York Botanical Garden, Bronx, NY, United States",aborsuk@nybg.org,10.1093/plphys/kiae659,https://doi.org/10.1093/plphys/kiae659,"Borsuk, A. M., Randall, J. M., Richburg, J., Montes, K. G., Edwards, E. J., & Brodersen, C. R. (2025). Palisade cell geometry in relation to leaf optical and photosynthetic properties in Viburnum. Plant Physiology, 198(4). https://doi.org/10.1093/plphys/kiae659",value 86: Epidermis (slight shift from 85); Leaves were scanned at the mid-section within 24 h of excision.,Viburnum davidii leaf X-ray micro-CT images and segmentation masks (v_davidii),,,not_started
v_davidii2,Viburnum davidii leaf CT dataset (v_davidii2),Viburnum,Viburnum davidii,David Viburnum,Adoxaceae,X-ray micro-CT,"X-ray μCT beamline (8.3.2), 10× objective, at the Advanced Light Source, Lawrence Berkeley National Laboratory","Berkeley, CA, United States",0.642,um,2412 x 1288,6,6,TIF,5,Background; Epidermis; Vascular_Region; Mesophyll; Air_Space,Aleca M. Borsuk,"Laboratory for Integrative Biodiversity Research, The New York Botanical Garden, Bronx, NY, United States",aborsuk@nybg.org,10.1093/plphys/kiae659,https://doi.org/10.1093/plphys/kiae659,"Borsuk, A. M., Randall, J. M., Richburg, J., Montes, K. G., Edwards, E. J., & Brodersen, C. R. (2025). Palisade cell geometry in relation to leaf optical and photosynthetic properties in Viburnum. Plant Physiology, 198(4). https://doi.org/10.1093/plphys/kiae659",mask mode: P (palette-indexed); Leaves were scanned at the mid-section within 24 h of excision.,Viburnum davidii leaf X-ray micro-CT images and segmentation masks (v_davidii2),,,not_started
v_dentatum,Viburnum dentatum leaf CT dataset (v_dentatum),Viburnum,Viburnum dentatum,Arrowwood Viburnum,Adoxaceae,X-ray micro-CT,"X-ray μCT beamline (8.3.2), 10× objective, at the Advanced Light Source, Lawrence Berkeley National Laboratory","Berkeley, CA, United States",0.642,um,1785 x 546,6,6,TIF,5,Background; Epidermis; Vascular_Region; Mesophyll; Air_Space,Aleca M. Borsuk,"Laboratory for Integrative Biodiversity Research, The New York Botanical Garden, Bronx, NY, United States",aborsuk@nybg.org,10.1093/plphys/kiae659,https://doi.org/10.1093/plphys/kiae659,"Borsuk, A. M., Randall, J. M., Richburg, J., Montes, K. G., Edwards, E. J., & Brodersen, C. R. (2025). Palisade cell geometry in relation to leaf optical and photosynthetic properties in Viburnum. Plant Physiology, 198(4). https://doi.org/10.1093/plphys/kiae659",mask mode: L (grayscale); Leaves were scanned at the mid-section within 24 h of excision.,Viburnum dentatum leaf X-ray micro-CT images and segmentation masks (v_dentatum),,,not_started
v_dentatum2,Viburnum dentatum leaf CT dataset (v_dentatum2),Viburnum,Viburnum dentatum,Arrowwood Viburnum,Adoxaceae,X-ray micro-CT,"X-ray μCT beamline (8.3.2), 10× objective, at the Advanced Light Source, Lawrence Berkeley National Laboratory","Berkeley, CA, United States",0.642,um,1368 x 246,6,6,TIF,5,Background; Epidermis; Vascular_Region; Mesophyll; Air_Space,Aleca M. Borsuk,"Laboratory for Integrative Biodiversity Research, The New York Botanical Garden, Bronx, NY, United States",aborsuk@nybg.org,10.1093/plphys/kiae659,https://doi.org/10.1093/plphys/kiae659,"Borsuk, A. M., Randall, J. M., Richburg, J., Montes, K. G., Edwards, E. J., & Brodersen, C. R. (2025). Palisade cell geometry in relation to leaf optical and photosynthetic properties in Viburnum. Plant Physiology, 198(4). https://doi.org/10.1093/plphys/kiae659",mask mode: P (palette-indexed); Leaves were scanned at the mid-section within 24 h of excision.,Viburnum dentatum leaf X-ray micro-CT images and segmentation masks (v_dentatum2),,,not_started
v_furcatum,Viburnum furcatum leaf CT dataset (v_furcatum),Viburnum,Viburnum furcatum,Forked Viburnum,Adoxaceae,X-ray micro-CT,"X-ray μCT beamline (8.3.2), 10× objective, at the Advanced Light Source, Lawrence Berkeley National Laboratory","Berkeley, CA, United States",0.642,um,2136 x 696,6,6,TIF,5,Background; Epidermis; Vascular_Region; Mesophyll; Air_Space,Aleca M. Borsuk,"Laboratory for Integrative Biodiversity Research, The New York Botanical Garden, Bronx, NY, United States",aborsuk@nybg.org,10.1093/plphys/kiae659,https://doi.org/10.1093/plphys/kiae659,"Borsuk, A. M., Randall, J. M., Richburg, J., Montes, K. G., Edwards, E. J., & Brodersen, C. R. (2025). Palisade cell geometry in relation to leaf optical and photosynthetic properties in Viburnum. Plant Physiology, 198(4). https://doi.org/10.1093/plphys/kiae659",mask mode: P (palette-indexed); Leaves were scanned at the mid-section within 24 h of excision.,Viburnum furcatum leaf X-ray micro-CT images and segmentation masks (v_furcatum),,,not_started
v_hartwegii,Viburnum hartwegii leaf CT dataset (v_hartwegii),Viburnum,Viburnum hartwegii,Hartweg's Viburnum,Adoxaceae,X-ray micro-CT,"X-ray μCT beamline (8.3.2), 10× objective, at the Advanced Light Source, Lawrence Berkeley National Laboratory","Berkeley, CA, United States",0.642,um,2036 x 844,6,6,TIF,5,Background; Epidermis; Vascular_Region; Mesophyll; Air_Space,Aleca M. Borsuk,"Laboratory for Integrative Biodiversity Research, The New York Botanical Garden, Bronx, NY, United States",aborsuk@nybg.org,10.1093/plphys/kiae659,https://doi.org/10.1093/plphys/kiae659,"Borsuk, A. M., Randall, J. M., Richburg, J., Montes, K. G., Edwards, E. J., & Brodersen, C. R. (2025). Palisade cell geometry in relation to leaf optical and photosynthetic properties in Viburnum. Plant Physiology, 198(4). https://doi.org/10.1093/plphys/kiae659",mask mode: P (palette-indexed); Leaves were scanned at the mid-section within 24 h of excision.,Viburnum hartwegii leaf X-ray micro-CT images and segmentation masks (v_hartwegii),,,not_started
v_japonicum,Viburnum japonicum leaf CT dataset (v_japonicum),Viburnum,Viburnum japonicum,Japanese Viburnum,Adoxaceae,X-ray micro-CT,"X-ray μCT beamline (8.3.2), 10× objective, at the Advanced Light Source, Lawrence Berkeley National Laboratory","Berkeley, CA, United States",0.642,um,2010 x 882,6,6,TIF,5,Background; Epidermis; Vascular_Region; Mesophyll; Air_Space,Aleca M. Borsuk,"Laboratory for Integrative Biodiversity Research, The New York Botanical Garden, Bronx, NY, United States",aborsuk@nybg.org,10.1093/plphys/kiae659,https://doi.org/10.1093/plphys/kiae659,"Borsuk, A. M., Randall, J. M., Richburg, J., Montes, K. G., Edwards, E. J., & Brodersen, C. R. (2025). Palisade cell geometry in relation to leaf optical and photosynthetic properties in Viburnum. Plant Physiology, 198(4). https://doi.org/10.1093/plphys/kiae659",mask mode: L (grayscale); Leaves were scanned at the mid-section within 24 h of excision.,Viburnum japonicum leaf X-ray micro-CT images and segmentation masks (v_japonicum),,,not_started
v_jucundum,Viburnum jucundum leaf CT dataset (v_jucundum),Viburnum,Viburnum jucundum,Pleasant Viburnum,Adoxaceae,X-ray micro-CT,"X-ray μCT beamline (8.3.2), 10× objective, at the Advanced Light Source, Lawrence Berkeley National Laboratory","Berkeley, CA, United States",0.642,um,1488 x 483,6,6,TIF,5,Background; Epidermis; Vascular_Region; Mesophyll; Air_Space,Aleca M. Borsuk,"Laboratory for Integrative Biodiversity Research, The New York Botanical Garden, Bronx, NY, United States",aborsuk@nybg.org,10.1093/plphys/kiae659,https://doi.org/10.1093/plphys/kiae659,"Borsuk, A. M., Randall, J. M., Richburg, J., Montes, K. G., Edwards, E. J., & Brodersen, C. R. (2025). Palisade cell geometry in relation to leaf optical and photosynthetic properties in Viburnum. Plant Physiology, 198(4). https://doi.org/10.1093/plphys/kiae659",mask mode: P (palette-indexed); Leaves were scanned at the mid-section within 24 h of excision.,Viburnum jucundum leaf X-ray micro-CT images and segmentation masks (v_jucundum),,,not_started
v_jucundum2,Viburnum jucundum leaf CT dataset (v_jucundum2),Viburnum,Viburnum jucundum,Pleasant Viburnum,Adoxaceae,X-ray micro-CT,"X-ray μCT beamline (8.3.2), 10× objective, at the Advanced Light Source, Lawrence Berkeley National Laboratory","Berkeley, CA, United States",0.642,um,1912 x 756,6,6,TIF,5,Background; Epidermis; Vascular_Region; Mesophyll; Air_Space,Aleca M. Borsuk,"Laboratory for Integrative Biodiversity Research, The New York Botanical Garden, Bronx, NY, United States",aborsuk@nybg.org,10.1093/plphys/kiae659,https://doi.org/10.1093/plphys/kiae659,"Borsuk, A. M., Randall, J. M., Richburg, J., Montes, K. G., Edwards, E. J., & Brodersen, C. R. (2025). Palisade cell geometry in relation to leaf optical and photosynthetic properties in Viburnum. Plant Physiology, 198(4). https://doi.org/10.1093/plphys/kiae659",mask mode: P (palette-indexed); Leaves were scanned at the mid-section within 24 h of excision.,Viburnum jucundum leaf X-ray micro-CT images and segmentation masks (v_jucundum2),,,not_started
v_jucundum3,Viburnum jucundum leaf CT dataset (v_jucundum3),Viburnum,Viburnum jucundum,Pleasant Viburnum,Adoxaceae,X-ray micro-CT,"X-ray μCT beamline (8.3.2), 10× objective, at the Advanced Light Source, Lawrence Berkeley National Laboratory","Berkeley, CA, United States",0.642,um,1653 x 672,6,6,TIF,5,Background; Epidermis; Vascular_Region; Mesophyll; Air_Space,Aleca M. Borsuk,"Laboratory for Integrative Biodiversity Research, The New York Botanical Garden, Bronx, NY, United States",aborsuk@nybg.org,10.1093/plphys/kiae659,https://doi.org/10.1093/plphys/kiae659,"Borsuk, A. M., Randall, J. M., Richburg, J., Montes, K. G., Edwards, E. J., & Brodersen, C. R. (2025). Palisade cell geometry in relation to leaf optical and photosynthetic properties in Viburnum. Plant Physiology, 198(4). https://doi.org/10.1093/plphys/kiae659",mask mode: P (palette-indexed); Leaves were scanned at the mid-section within 24 h of excision.,Viburnum jucundum leaf X-ray micro-CT images and segmentation masks (v_jucundum3),,,not_started
v_lantana,Viburnum lantana leaf CT dataset (v_lantana),Viburnum,Viburnum lantana,Wayfaring Tree,Adoxaceae,X-ray micro-CT,"X-ray μCT beamline (8.3.2), 10× objective, at the Advanced Light Source, Lawrence Berkeley National Laboratory","Berkeley, CA, United States",0.642,um,1196 x 444,6,6,TIF,5,Background; Epidermis; Vascular_Region; Mesophyll; Air_Space,Aleca M. Borsuk,"Laboratory for Integrative Biodiversity Research, The New York Botanical Garden, Bronx, NY, United States",aborsuk@nybg.org,10.1093/plphys/kiae659,https://doi.org/10.1093/plphys/kiae659,"Borsuk, A. M., Randall, J. M., Richburg, J., Montes, K. G., Edwards, E. J., & Brodersen, C. R. (2025). Palisade cell geometry in relation to leaf optical and photosynthetic properties in Viburnum. Plant Physiology, 198(4). https://doi.org/10.1093/plphys/kiae659",mask mode: L (grayscale); Leaves were scanned at the mid-section within 24 h of excision.,Viburnum lantana leaf X-ray micro-CT images and segmentation masks (v_lantana),,,not_started
v_lautum,Viburnum lautum leaf CT dataset (v_lautum),Viburnum,Viburnum lautum,Wayfaring Tree,Adoxaceae,X-ray micro-CT,"X-ray μCT beamline (8.3.2), 10× objective, at the Advanced Light Source, Lawrence Berkeley National Laboratory","Berkeley, CA, United States",0.642,um,2031 x 504,6,6,TIF,5,Background; Epidermis; Vascular_Region; Mesophyll; Air_Space,Aleca M. Borsuk,"Laboratory for Integrative Biodiversity Research, The New York Botanical Garden, Bronx, NY, United States",aborsuk@nybg.org,10.1093/plphys/kiae659,https://doi.org/10.1093/plphys/kiae659,"Borsuk, A. M., Randall, J. M., Richburg, J., Montes, K. G., Edwards, E. J., & Brodersen, C. R. (2025). Palisade cell geometry in relation to leaf optical and photosynthetic properties in Viburnum. Plant Physiology, 198(4). https://doi.org/10.1093/plphys/kiae659",mask mode: L (grayscale); Leaves were scanned at the mid-section within 24 h of excision.,Viburnum lautum leaf X-ray micro-CT images and segmentation masks (v_lautum),,,not_started
v_lautum3,Viburnum lautum leaf CT dataset (v_lautum3),Viburnum,Viburnum lautum,Wayfaring Tree,Adoxaceae,X-ray micro-CT,"X-ray μCT beamline (8.3.2), 10× objective, at the Advanced Light Source, Lawrence Berkeley National Laboratory","Berkeley, CA, United States",0.642,um,2030 x 688,6,6,TIF,5,Background; Epidermis; Vascular_Region; Mesophyll; Air_Space,Aleca M. Borsuk,"Laboratory for Integrative Biodiversity Research, The New York Botanical Garden, Bronx, NY, United States",aborsuk@nybg.org,10.1093/plphys/kiae659,https://doi.org/10.1093/plphys/kiae659,"Borsuk, A. M., Randall, J. M., Richburg, J., Montes, K. G., Edwards, E. J., & Brodersen, C. R. (2025). Palisade cell geometry in relation to leaf optical and photosynthetic properties in Viburnum. Plant Physiology, 198(4). https://doi.org/10.1093/plphys/kiae659",mask mode: P (palette-indexed); Leaves were scanned at the mid-section within 24 h of excision.,Viburnum lautum leaf X-ray micro-CT images and segmentation masks (v_lautum3),,,not_started
v_propinquum,Viburnum propinquum leaf CT dataset (v_propinquum),Viburnum,Viburnum propinquum,Chinese Viburnum,Adoxaceae,X-ray micro-CT,"X-ray μCT beamline (8.3.2), 10× objective, at the Advanced Light Source, Lawrence Berkeley National Laboratory","Berkeley, CA, United States",0.642,um,1544 x 423,6,6,TIF,5,Background; Epidermis; Vascular_Region; Mesophyll; Air_Space,Aleca M. Borsuk,"Laboratory for Integrative Biodiversity Research, The New York Botanical Garden, Bronx, NY, United States",aborsuk@nybg.org,10.1093/plphys/kiae659,https://doi.org/10.1093/plphys/kiae659,"Borsuk, A. M., Randall, J. M., Richburg, J., Montes, K. G., Edwards, E. J., & Brodersen, C. R. (2025). Palisade cell geometry in relation to leaf optical and photosynthetic properties in Viburnum. Plant Physiology, 198(4). https://doi.org/10.1093/plphys/kiae659",mask mode: L (grayscale); Leaves were scanned at the mid-section within 24 h of excision.,Viburnum propinquum leaf X-ray micro-CT images and segmentation masks (v_propinquum),,,not_started
v_tinus,Viburnum tinus leaf CT dataset (v_tinus),Viburnum,Viburnum tinus,Laurustinus,Adoxaceae,X-ray micro-CT,"X-ray μCT beamline (8.3.2), 10× objective, at the Advanced Light Source, Lawrence Berkeley National Laboratory","Berkeley, CA, United States",0.642,um,1820 x 586,6,6,TIF,5,Background; Epidermis; Vascular_Region; Mesophyll; Air_Space,Aleca M. Borsuk,"Laboratory for Integrative Biodiversity Research, The New York Botanical Garden, Bronx, NY, United States",aborsuk@nybg.org,10.1093/plphys/kiae659,https://doi.org/10.1093/plphys/kiae659,"Borsuk, A. M., Randall, J. M., Richburg, J., Montes, K. G., Edwards, E. J., & Brodersen, C. R. (2025). Palisade cell geometry in relation to leaf optical and photosynthetic properties in Viburnum. Plant Physiology, 198(4). https://doi.org/10.1093/plphys/kiae659",mask mode: L (grayscale); Leaves were scanned at the mid-section within 24 h of excision.,Viburnum tinus leaf X-ray micro-CT images and segmentation masks (v_tinus),,,not_started
walnut,Juglans regia leaf CT dataset (walnut),Walnut,Juglans regia,Walnut,Juglandaceae,X-ray micro-CT,"X-ray μCT beamline (8.3.2) at the Advanced Light Source, Lawrence Berkeley National Laboratory","Berkeley, CA, United States",0.65,um,2418 x 414,56,56,PNG,6,Background; Epidermis; Bundle_Sheath; Vascular_Tissue; Mesophyll; Air_Space,Mina Momayyezi,"Department of Plant Sciences, University of California, Davis, Davis, CA, United States",mmomayyezi@ucdavis.edu,,,,"annotator: Devin; value 220: Vascular (alternative value, merged with 152/BSE → class 2); Leaves were scanned at the mid-section within 24 h of excision.",Juglans regia leaf X-ray micro-CT images and segmentation masks (walnut),,,not_started
wheat,Triticum aestivum leaf CT dataset (wheat),Wheat,Triticum aestivum,Wheat,Poaceae,X-ray micro-CT,Micro-CT beamline at the Australian Synchrotron,"Clayton, Melbourne, VIC, Australia",0.361,um,2036 x 1016,6,6,TIF,5,Background; Epidermis; Vascular_Region; Mesophyll; Air_Space,Richard Harwood,"Sydney Microscopy and Microanalysis, The University of Sydney, Sydney, NSW, Australia",richardwilliamharwood@gmail.com,,https://www.ansto.gov.au/facilities/australian-synchrotron,,Wheat leaves were captured on the Micro-CT beamline at the Australian Synchrotron using 18X white beam (40 keV); pixel size 0.361 um.,Triticum aestivum leaf X-ray micro-CT images and segmentation masks (wheat),,,not_started
